Workbook

Sheet Deckblatt
B2: EOP / Microsoft Defender for Office 365
B3: Assessment- und Umsetzungs-Checkliste
B4: Wiederverwendbarer Hardening-Standard · Recherchestand August 2026
B6: Projektangaben
B7: Kunde | C7: <Kundenname eintragen>
B8: Tenant / Primärdomäne | C8: <kunde.onmicrosoft.com>
B9: Weitere Maildomänen | C9: <domain1.de, domain2.de>
B10: Datum der Aufnahme | C10: <TT.MM.JJJJ>
B11: Durchgeführt von | C11: <Name>
B12: Lizenzstand (EOP / MDO P1 / MDO P2 / E5) | C12: <z. B. M365 E3 + MDO P1>
B13: MX-Ziel (zeigt direkt auf EXO?) | C13: <ja / nein — falls nein: welches Gateway?>
B14: Hybrid mit On-Prem Exchange? | C14: <ja / nein — falls ja: Version>
B15: Preset-Nutzung im Ist-Zustand | C15: <keines / Standard / Strict / Custom>
B17: So wird die Liste benutzt
B18: 1. | C18: Auf dem Blatt „Checkliste“ nur die gelb hinterlegten Spalten ausfüllen: Ist-Wert, Bewertung, Notizen.
B19: 2. | C19: Die Spalte „Prüfung (PowerShell)“ liefert den Befehl, der den Ist-Wert ausliest. Alternativ das Skript Invoke-EopAudit.ps1 laufen lassen — es füllt die Ist-Werte automatisch als CSV.
B20: 3. | C20: „Bewertung“ ist eine Auswahlliste. „bewusst abgewichen“ ist ein legitimes Ergebnis — dann bitte die Begründung in „Notizen“ festhalten.
B21: 4. | C21: Die Spalten MS Default / Standard / Strict zeigen, was Microsoft an dieser Stelle vorgibt. Sie sind die Argumentationsgrundlage gegenüber dem Kunden.
B22: 5. | C22: Das Blatt „Auswertung“ zählt automatisch mit und ist die Basis für die Abschlussbesprechung.
B23: 6. | C23: Ausführliche Begründungen zu jedem Prüfpunkt stehen im Begleitdokument „EOP-MDO Best Practice Guide“ — dort ist dieselbe ID verwendet.
B25: Bedeutung der Bewertungen
B26: OK | C26: Ist-Wert entspricht dem Soll. Keine Maßnahme.
B27: Verbesserung empfohlen | C27: Abweichung ohne akutes Risiko. Einplanen, nicht dringend.
B28: Kritisch | C28: Schutzwirkung fehlt oder ist wirkungslos. Sofort adressieren.
B29: n.a. (nicht lizenziert) | C29: Feature im Tenant nicht verfügbar. Als Lizenzargument notieren.
B30: bewusst abgewichen | C30: Abweichung ist gewollt und begründet. Begründung gehört in „Notizen“.
B31: offen | C31: Noch nicht geprüft.
B33: Hinweis zur Verwendung
B34: Alle Cmdlets und Parameter wurden gegen die Microsoft-Learn-Referenz (Stand August 2026) verifiziert. Sie wurden jedoch NICHT gegen einen Produktivtenant getestet. Vor der Umsetzung immer erst das Audit-Skript im Lesemodus laufen lassen und das Hardening-Skript mit -WhatIf.

Sheet Checkliste
A1: ID | B1: Kategorie | C1: Prüfpunkt | D1: Ist-Wert beim Kunden | E1: Bewertung | F1: Soll 2026 (Baseline) | G1: Bisherige Empfehlung (2023) | H1: MS Default | I1: MS Standard-Preset | J1: MS Strict-Preset | K1: Lizenz | L1: Prüfung (PowerShell) | M1: Umsetzung (PowerShell) | N1: Fundort (Klickpfad im Portal) | O1: Portal öffnen | P1: Microsoft Learn | Q1: Hinweise, Fallstricke, Abweichungen | R1: Notizen / Ticket
A2: BEISPIEL | B2: — Beispielzeile, bitte löschen — | C2: So sieht eine ausgefüllte Zeile aus | D2: BulkThreshold = 7 | E2: Verbesserung empfohlen | F2: 6 | G2: 6 statt 7 | H2: 7 | I2: 6 | J2: 5 | K2: EOP | L2: Get-HostedContentFilterPolicy | ft Name,BulkThreshold | M2: Set-HostedContentFilterPolicy -Identity "Default" -BulkThreshold 6 | N2: Defender-Portal > Bedrohungsrichtlinien > Antispam > <Richtlinie> > "Massen-E-Mail-Schwellenwert & Spameigenschaften" | O2: Portal | P2: Learn | Q2: Mit dem Kunden am 12.08. besprochen, Umsetzung im Wartungsfenster. | R2: TICKET-4711
A3: Preset Security Policies
A4: PRE-01 | B4: Preset Security Policies | C4: Grundsatzentscheidung: Preset (Standard/Strict) vs. Custom-Policies | E4: offen | F4: Bewusste, dokumentierte Entscheidung. Empfehlung 2026: Custom-Policies auf Standard-Preset-Niveau, wo Kontrolle nötig ist (ASF, Quarantäne-Policies, Länderfilter) — sonst Standard-Preset. | G4: Default/Custom bevorzugt, weil dort alles von Hand vorgegeben werden kann. Standard nur, wenn keine Zeit. Hinweis: MS behält sich bei Standard/Strict Anpassungen vor. | H4: Standard/Strict sind ab Werk NICHT zugewiesen | I4: muss aktiviert werden | J4: muss aktiviert werden | K4: EOP (EOP-Teil) / MDO P1+ (MDO-Teil) | L4: Get-EOPProtectionPolicyRule | Format-Table Name,State Get-ATPProtectionPolicyRule | Format-Table Name,State | M4: Enable-EOPProtectionPolicyRule -Identity "Standard Preset Security Policy" Enable-ATPProtectionPolicyRule -Identity "Standard Preset Security Policy" | N4: Defender-Portal > Bedrohungsrichtlinien > Voreingestellte Sicherheitsrichtlinien (Preset security policies) | O4: Portal öffnen | P4: Learn | Q4: EOP-Teil und MDO-Teil des Presets werden GETRENNT aktiviert - ein Preset kann halb aktiv sein. Empfänger in Standard/Strict ignorieren alle Custom-Policy-Einstellungen (kein Merging).
A5: PRE-02 | B5: Preset Security Policies | C5: Built-in protection Preset (Safe Links / Safe Attachments) aktiv, keine pauschalen Ausnahmen | E5: offen | F5: Aktiv, keine Ausnahmen für ganze Domänen | G5: — | H5: allen Empfängern zugewiesen (default-on) | I5: n.a. | J5: n.a. | K5: MDO P1/P2 | L5: Get-ATPBuiltInProtectionRule | Format-List Name,State,ExceptIfRecipientDomainIs,ExceptIfSentTo,ExceptIfSentToMemberOf | M5: Set-ATPBuiltInProtectionRule -Identity "ATP Built-In Protection Rule" -ExceptIfRecipientDomainIs $null -ExceptIfSentTo $null -ExceptIfSentToMemberOf $null | N5: Defender-Portal > Bedrohungsrichtlinien > Voreingestellte Sicherheitsrichtlinien > Integrierter Schutz (Built-in protection) > "Ausschluesse verwalten" | O5: Portal öffnen | P5: Learn | Q5: Built-in ist SCHWÄCHER als Standard/Strict (AllowClickThrough=$true, EnableForInternalSenders=$false) und deckt nur Safe Links/Safe Attachments ab. Kein Ersatz für Standard/Strict. Häufiges Anti-Pattern: alle Accepted Domains ausgeschlossen.
A6: PRE-03 | B6: Preset Security Policies | C6: Policy-Präzedenz dokumentiert und geprüft (welche Policy greift je Empfänger?) | E6: offen | F6: Kette dokumentiert: Strict > Standard > MDO-Evaluation > Custom (nach Priority) > Built-in + Default (gleichrangig) | G6: — | H6: — | I6: — | J6: — | K6: EOP | L6: Get-HostedContentFilterRule | Format-Table Name,Priority,State,SentTo,RecipientDomainIs Get-AntiPhishRule | Format-Table Name,Priority,State Get-MalwareFilterRule | Format-Table Name,Priority,State | M6: Set-HostedContentFilterRule -Identity "<Rule>" -Priority 0 | N6: Kein eigener Portal-Screen. Praezedenz ablesen an der Spalte "Prioritaet" je Richtlinientyp (Antispam, Antiphishing, ...) plus der Preset-Seite | O6: Portal öffnen | P6: Learn | Q6: Pro Empfänger greift genau EINE Policy je Typ - es gibt kein Merging. Verdict-Reihenfolge separat: Malware > HC-Phish > Phish > HC-Spam > Spoof > Impersonation > Spam > Bulk.
A7: PRE-04 | B7: Preset Security Policies | C7: Configuration Analyzer ausgewertet (Standard- und Strict-Empfehlungen) | E7: offen | F7: Vor und nach dem Hardening ausgeführt, Abweichungen dokumentiert | G7: Configuration Analyzer nutzen | H7: — | I7: — | J7: — | K7: EOP / MDO | L7: Get-ConfigAnalyzerPolicyRecommendation -RecommendedPolicyType Standard Get-ConfigAnalyzerPolicyRecommendation -RecommendedPolicyType Strict | M7: — (nur Analyse) | N7: Defender-Portal > Bedrohungsrichtlinien > Konfigurationsanalyse (Configuration analyzer) > Reiter "Standardempfehlungen" / "Strenge Empfehlungen" | O7: Portal öffnen | P7: Learn | Q7: Dritter Tab 'Configuration drift analysis and history' zeigt bis 90 Tage rückwirkend, wer wann was geändert hat - setzt aktiviertes Unified Auditing voraus. Ideal für Übergabe und Folgetermine.
A8: PRE-05 | B8: Preset Security Policies | C8: Policy-Inventar: verwaiste und deaktivierte Policies | E8: offen | F8: Jede Policy hat eine aktive Regel oder ist bewusst stillgelegt und dokumentiert | G8: — | H8: — | I8: — | J8: — | K8: EOP / MDO | L8: Get-SafeLinksPolicy | ForEach-Object { $n=$_.Name; $r=Get-SafeLinksRule | Where-Object { $_.SafeLinksPolicy -eq $n }; [pscustomobject]@{ Policy=$n; Regel=$r.Name; Status=$r.State; Prio=$r.Priority } } | M8: Enable-SafeLinksRule -Identity "<Regelname>" # bzw. Remove-SafeLinksPolicy fuer echte Karteileichen | N8: Defender-Portal > Bedrohungsrichtlinien > Antispam (Spalten Status / Prioritaet / Typ), analog Antiphishing, Antischadsoftware, Sichere Links, Sichere Anlagen | O8: Portal öffnen | P8: Learn | Q8: Zwei Zustaende, die im Portal schwer zu erkennen sind: (1) Eine Policy OHNE zugehoerige Regel ist im Defender-Portal unsichtbar und wirkt auf niemanden - sie entsteht typischerweise, wenn jemand per PowerShell eine Policy angelegt und die Rule vergessen hat. (2) Eine Policy mit DEAKTIVIERTER Regel existiert sichtbar, wirkt aber ebenfalls nicht. Beide sehen im Cmdlet-Output wie normale Policies aus. Das Audit-Skript weist sie im Abschnitt Policy-Inventar (INV-*) aus und bewertet ihre Werte bewusst nicht - eine Policy ohne Wirkung kann keinen Mangel haben. Beim Assessment entscheiden: reaktivieren, loeschen oder als bewusst stillgelegt dokumentieren.
A9: Anti-Spam inbound
A10: ASI-01 | B10: Anti-Spam inbound | C10: Bulk-Schwellwert (BCL) | E10: offen | F10: 6 | G10: 6 statt 7 | H10: 7 | I10: 6 | J10: 5 | K10: EOP | L10: Get-HostedContentFilterPolicy | Format-Table Name,BulkThreshold | M10: Set-HostedContentFilterPolicy -Identity "Default" -BulkThreshold 6 | N10: Defender-Portal > Bedrohungsrichtlinien > Antispam > <Richtlinie> > "Massen-E-Mail-Schwellenwert & Spameigenschaften" > Schieberegler "Massen-E-Mail-Schwellenwert" | O10: Portal öffnen | P10: Learn | Q10: Empfehlung von 2023 deckt sich exakt mit dem MS-Standard-Preset. Schwelle ist 'größer oder gleich': bei 6 wird auch BCL 6 erfasst. 5 (Strict) fängt spürbar mehr legitimes Marketing ab - erst nach Messung.
A11: ASI-02 | B11: Anti-Spam inbound | C11: Aktion bei Spam (SCL 5/6) | E11: offen | F11: MoveToJmf (Junk) | G11: In Junk zustellen ODER User-Quarantäne mit Benachrichtigung | H11: MoveToJmf | I11: MoveToJmf | J11: Quarantine | K11: EOP | L11: Get-HostedContentFilterPolicy | Format-Table Name,SpamAction,SpamQuarantineTag | M11: Set-HostedContentFilterPolicy -Identity "Default" -SpamAction MoveToJmf | N11: Defender-Portal > Bedrohungsrichtlinien > Antispam > <Richtlinie> > "Aktionen" > Nachrichtenaktionen > Zeile "Spam" | O11: Portal öffnen | P11: Learn | Q11: Gültige Werte: AddXHeader, Delete, ModifySubject, MoveToJmf, Quarantine, Redirect. 'Delete' löscht ohne NDR - im Hardening nicht verwenden.
A12: ASI-03 | B12: Anti-Spam inbound | C12: Aktion bei High Confidence Spam (SCL 7/8/9) | E12: offen | F12: Quarantine + DefaultFullAccessWithNotificationPolicy (MS-konform) ODER AdminOnlyAccessPolicy (strengere Variante, bewusste Abweichung) | G12: In Admin-Quarantäne, keine Benachrichtigung | H12: MoveToJmf | I12: Quarantine + DefaultFullAccessWithNotificationPolicy | J12: Quarantine + DefaultFullAccessWithNotificationPolicy | K12: EOP | L12: Get-HostedContentFilterPolicy | Format-Table Name,HighConfidenceSpamAction,HighConfidenceSpamQuarantineTag | M12: Set-HostedContentFilterPolicy -Identity "Default" -HighConfidenceSpamAction Quarantine -HighConfidenceSpamQuarantineTag DefaultFullAccessWithNotificationPolicy | N12: Defender-Portal > Bedrohungsrichtlinien > Antispam > <Richtlinie> > "Aktionen" > Nachrichtenaktionen > Zeile "Spam mit hoher Sicherheit" | O12: Portal öffnen | P12: Learn | Q12: ABWEICHUNG: Ursprungsdokument will Admin-Quarantäne ohne Benachrichtigung. Das ist strenger als MS, erzeugt aber Support-Last (jeder False Positive landet beim Admin). Entscheidung mit dem Kunden treffen und im Feld 'Notizen' dokumentieren.
A13: ASI-04 | B13: Anti-Spam inbound | C13: Aktion bei Phishing | E13: offen | F13: Quarantine + DefaultFullAccessWithNotificationPolicy | G13: In Admin-Quarantäne | H13: MoveToJmf (Default-Policy) / Quarantine (neu erstellte Policies) | I13: Quarantine + DefaultFullAccessWithNotificationPolicy | J13: Quarantine + DefaultFullAccessWithNotificationPolicy | K13: EOP | L13: Get-HostedContentFilterPolicy | Format-Table Name,PhishSpamAction,PhishQuarantineTag | M13: Set-HostedContentFilterPolicy -Identity "Default" -PhishSpamAction Quarantine -PhishQuarantineTag DefaultFullAccessWithNotificationPolicy | N13: Defender-Portal > Bedrohungsrichtlinien > Antispam > <Richtlinie> > "Aktionen" > Nachrichtenaktionen > Zeile "Phishing" | O13: Portal öffnen | P13: Learn | Q13: Achtung: die Default-Policy steht ab Werk auf MoveToJmf - Phishing landet also im Junk-Ordner und ist für den Nutzer erreichbar. Das ist einer der wichtigsten Quick Wins.
A14: ASI-05 | B14: Anti-Spam inbound | C14: Aktion bei High Confidence Phishing | E14: offen | F14: Quarantine + AdminOnlyAccessPolicy | G14: In Admin-Quarantäne | H14: Quarantine + AdminOnlyAccessPolicy | I14: Quarantine + AdminOnlyAccessPolicy | J14: Quarantine + AdminOnlyAccessPolicy | K14: EOP | L14: Get-HostedContentFilterPolicy | Format-Table Name,HighConfidencePhishAction,HighConfidencePhishQuarantineTag | M14: Set-HostedContentFilterPolicy -Identity "Default" -HighConfidencePhishAction Quarantine -HighConfidencePhishQuarantineTag AdminOnlyAccessPolicy | N14: Defender-Portal > Bedrohungsrichtlinien > Antispam > <Richtlinie> > "Aktionen" > Nachrichtenaktionen > Zeile "Phishing mit hoher Sicherheit" | O14: Portal öffnen | P14: Learn | Q14: HighConfidencePhishAction kennt nur Quarantine und Redirect - MoveToJmf ist nicht möglich. Empfehlung von 2023 ist hier identisch mit dem MS-Default.
A15: ASI-06 | B15: Anti-Spam inbound | C15: Aktion bei Bulk (BCL-Schwelle erreicht) | E15: offen | F15: MoveToJmf | G15: eigene Action für 'BCL met or exceeded' festlegen | H15: MoveToJmf | I15: MoveToJmf | J15: Quarantine + DefaultFullAccessWithNotificationPolicy | K15: EOP | L15: Get-HostedContentFilterPolicy | Format-Table Name,BulkSpamAction,BulkQuarantineTag,MarkAsSpamBulkMail | M15: Set-HostedContentFilterPolicy -Identity "Default" -BulkSpamAction MoveToJmf | N15: Defender-Portal > Bedrohungsrichtlinien > Antispam > <Richtlinie> > "Aktionen" > Nachrichtenaktionen > Zeile "Massenkonforme Ebene (BCL) erreicht oder ueberschritten" | O15: Portal öffnen | P15: Learn | Q15: BulkSpamAction ist der einzige Aktions-Parameter mit dem Wert 'NoAction'. MarkAsSpamBulkMail muss auf 'On' bleiben, sonst wirkt die BCL-Schwelle faktisch nicht.
A16: ASI-07 | B16: Anti-Spam inbound | C16: Spam Safety Tips (farbige Inline-Warnung) | E16: offen | F16: $true | G16: ein | H16: $true | I16: $true | J16: $true | K16: EOP | L16: Get-HostedContentFilterPolicy | Format-Table Name,InlineSafetyTipsEnabled | M16: Set-HostedContentFilterPolicy -Identity "Default" -InlineSafetyTipsEnabled $true | N16: Defender-Portal > Bedrohungsrichtlinien > Antispam > <Richtlinie> > "Aktionen" > Abschnitt "Sicherheitstipps" > Haken "Sicherheitstipps aktivieren" | O16: Portal öffnen | P16: Learn | Q16: Nicht abschalten. Kostet nichts, ist in allen Presets aktiv.
A17: ASI-08 | B17: Anti-Spam inbound | C17: ZAP für Spam und Phishing | E17: offen | F17: SpamZapEnabled $true, PhishZapEnabled $true | G17: ein | H17: beide $true | I17: beide $true | J17: beide $true | K17: EOP | L17: Get-HostedContentFilterPolicy | Format-Table Name,SpamZapEnabled,PhishZapEnabled | M17: Set-HostedContentFilterPolicy -Identity "Default" -SpamZapEnabled $true -PhishZapEnabled $true | N17: Defender-Portal > Bedrohungsrichtlinien > Antispam > <Richtlinie> > "Aktionen" > "Automatische Bereinigung (ZAP) aktivieren" mit den zwei Unterhaken fuer Phishing und Spam | O17: Portal öffnen | P17: Learn | Q17: ÄNDERUNG seit 2023: der Sammelparameter 'ZapEnabled' existiert in Set-HostedContentFilterPolicy NICHT mehr. Er wurde in SpamZapEnabled und PhishZapEnabled aufgeteilt. Malware-ZAP sitzt in der Anti-Malware-Policy (AMW-02).
A18: ASI-09 | B18: Anti-Spam inbound | C18: Quarantäne-Aufbewahrung | E18: offen | F18: 30 Tage | G18: — | H18: 15 | I18: 30 | J18: 30 | K18: EOP | L18: Get-HostedContentFilterPolicy | Format-Table Name,QuarantineRetentionPeriod | M18: Set-HostedContentFilterPolicy -Identity "Default" -QuarantineRetentionPeriod 30 | N18: Defender-Portal > Bedrohungsrichtlinien > Antispam > <Richtlinie> > "Aktionen" > Feld "Spamnachrichten so viele Tage lang in Quarantaene aufbewahren" (1-30, Default 15) | O18: Portal öffnen | P18: Learn | Q18: Maximum ist 30 Tage, mehr geht nicht. Der Wert wirkt auch auf Nachrichten, die durch die Anti-Phishing-Policy quarantäniert wurden. Anti-Malware und Safe Attachments sind fix auf 30 Tage und nicht konfigurierbar.
A19: ASI-10 | B19: Anti-Spam inbound | C19: Allowed senders / allowed sender domains leer bzw. begründet | E19: offen | F19: Leer. Ausnahmen ausschließlich über die Tenant Allow/Block List (TABL-01). | G19: Whitelisting sender/domain based möglich | H19: leer | I19: leer | J19: leer | K19: EOP | L19: Get-HostedContentFilterPolicy | Format-List Name,AllowedSenders,AllowedSenderDomains,BlockedSenders,BlockedSenderDomains | M19: Set-HostedContentFilterPolicy -Identity "Default" -AllowedSenderDomains @{} | N19: Defender-Portal > Bedrohungsrichtlinien > Antispam > <Richtlinie> > "Zulassen- und Sperrliste" > "Absender verwalten" / "Domaenen zulassen" (im Portal max. 30 Eintraege) | O19: Portal öffnen | P19: Learn | Q19: KRITISCH: AllowedSenderDomains setzt SCL -1 und überspringt die komplette Spam- und Phishing-Filterung. Eine gespoofte Absenderdomain aus dieser Liste geht ungefiltert in den Posteingang. MS wörtlich: 'Think very carefully before you add domains here.'
A20: ASI-11 | B20: Anti-Spam inbound | C20: Sprach- und Länderfilter | E20: offen | F20: Aus, sofern kein konkreter Anlass. Bei Einsatz: Trefferliste vorher per Threat Explorer messen. | G20: Blacklisting country based / language based verfügbar | H20: aus | I20: aus | J20: aus | K20: EOP | L20: Get-HostedContentFilterPolicy | Format-List Name,EnableLanguageBlockList,LanguageBlockList,EnableRegionBlockList,RegionBlockList | M20: Set-HostedContentFilterPolicy -Identity "Default" -EnableRegionBlockList $false -EnableLanguageBlockList $false | N20: Defender-Portal > Bedrohungsrichtlinien > Antispam > <Richtlinie> > "Massen-E-Mail-Schwellenwert & Spameigenschaften" > Spameigenschaften > "Enthaelt bestimmte Sprachen" / "Aus diesen Laendern" (gehoert NICHT zum ASF) | O20: Portal öffnen | P20: Learn | Q20: Microsoft gibt hierzu ausdrücklich KEINE Empfehlung ab ('We have no specific recommendation for this setting') - warnt aber auch nicht davor. Kein Preset aktiviert es. Sprache wird aus dem Nachrichteninhalt geraten, Land aus der Quell-IP - beides umgehbar.
A21: ASI-12 | B21: Anti-Spam inbound | C21: Intra-Organizational Filtering (interne Nachrichten) | E21: offen | F21: Default (= High Confidence Phishing) | G21: — | H21: Default | I21: Default | J21: Default | K21: EOP | L21: Get-HostedContentFilterPolicy | Format-Table Name,IntraOrgFilterState | M21: Set-HostedContentFilterPolicy -Identity "Default" -IntraOrgFilterState Default | N21: Defender-Portal > Bedrohungsrichtlinien > Antispam > <Richtlinie> > "Aktionen" > "Organisationsinterne Nachrichten, fuer die Massnahmen ergriffen werden sollen" | O21: Portal öffnen | P21: Learn | Q21: Neu gegenüber dem Ursprungsdokument. Werte: Default, HighConfidencePhish, Phish, HighConfidenceSpam, Spam, Disabled. Relevant bei kompromittierten internen Konten - erst nach Test verschärfen, sonst Fehlalarme auf internen Serienmails.
A22: Advanced Spam Filter (ASF)
A23: ASF-01 | B23: Advanced Spam Filter (ASF) | C23: ASF-Features zur Score-Erhöhung (Image links, Numeric IP, URL redirect, .biz/.info) | E23: offen | F23: Off (alle vier) | G23: Auswahlliste vorhanden - im Dokument gelistet, ohne Aktivierungsempfehlung | H23: Off | I23: Off (nicht Teil des Presets) | J23: Off (nicht Teil des Presets) | K23: EOP | L23: Get-HostedContentFilterPolicy | Format-List Name,IncreaseScoreWithImageLinks,IncreaseScoreWithNumericIps,IncreaseScoreWithRedirectToOtherPort,IncreaseScoreWithBizOrInfoUrls | M23: Set-HostedContentFilterPolicy -Identity "Default" -IncreaseScoreWithImageLinks Off -IncreaseScoreWithNumericIps Off -IncreaseScoreWithRedirectToOtherPort Off -IncreaseScoreWithBizOrInfoUrls Off | N23: Defender-Portal > Bedrohungsrichtlinien > Antispam > <Richtlinie> > "Massen-E-Mail-Schwellenwert & Spameigenschaften" > Spameigenschaften > Gruppe "Erhoehen der Spambewertung" | O23: Portal öffnen | P23: Learn | Q23: Werte je Parameter: Off | On | Test. MS wörtlich: 'Enabling one or more of the ASF settings is an aggressive approach to spam filtering.' Und entscheidend: durch ASF gefilterte Nachrichten können NICHT als False Positive an Microsoft gemeldet werden - kein Feedback-Loop.
A24: ASF-02 | B24: Advanced Spam Filter (ASF) | C24: ASF-Features 'Mark as Spam' (Empty messages, HTML-Tags, Web bugs, Sensitive words u.a.) | E24: offen | F24: Off (alle acht) | G24: Auswahlliste vorhanden - im Dokument gelistet | H24: Off | I24: Off | J24: Off | K24: EOP | L24: Get-HostedContentFilterPolicy | Format-List Name,MarkAsSpamEmptyMessages,MarkAsSpamEmbedTagsInHtml,MarkAsSpamJavaScriptInHtml,MarkAsSpamFormTagsInHtml,MarkAsSpamFramesInHtml,MarkAsSpamWebBugsInHtml,MarkAsSpamObjectTagsInHtml,MarkAsSpamSensitiveWordList | M24: Set-HostedContentFilterPolicy -Identity "Default" -MarkAsSpamEmptyMessages Off -MarkAsSpamEmbedTagsInHtml Off -MarkAsSpamJavaScriptInHtml Off -MarkAsSpamFormTagsInHtml Off -MarkAsSpamFramesInHtml Off -MarkAsSpamWebBugsInHtml Off -MarkAsSpamObjectTagsInHtml Off -MarkAsSpamSensitiveWordList Off | N24: Defender-Portal > Bedrohungsrichtlinien > Antispam > <Richtlinie> > "Massen-E-Mail-Schwellenwert & Spameigenschaften" > Spameigenschaften > Gruppe "Als Spam markieren" | O24: Portal öffnen | P24: Learn | Q24: Diese Treffer setzen SCL 9 (High Confidence Spam). Newsletter mit Tracking-Pixel oder eingebettetem Formular sind damit sofort HC-Spam. Wer ASF aktiviert, kann für die betroffenen Empfänger die Standard/Strict-Presets nicht mehr nutzen.
A25: ASF-03 | B25: Advanced Spam Filter (ASF) | C25: SPF Hard Fail als Spam-Kriterium | E25: offen | F25: Off — die Frage im Ursprungsdokument ist mit NEIN beantwortet | G25: Frage im Dokument offen gelassen: 'Das Spam-Feature ist also nicht mehr benötigt?' | H25: Off | I25: Off | J25: Off | K25: EOP | L25: Get-HostedContentFilterPolicy | Format-Table Name,MarkAsSpamSpfRecordHardFail | M25: Set-HostedContentFilterPolicy -Identity "Default" -MarkAsSpamSpfRecordHardFail Off | N25: Defender-Portal > Bedrohungsrichtlinien > Antispam > <Richtlinie> > "Massen-E-Mail-Schwellenwert & Spameigenschaften" > Spameigenschaften > "SPF-Eintrag: Hard Fail" | O25: Portal öffnen | P25: Learn | Q25: Microsoft beantwortet die Frage in der Anti-Spoofing-FAQ wörtlich: 'No. This ASF setting is no longer required. (...) you will probably get more false positives.' Die Vermutung im Ursprungsdokument war also richtig - jetzt belegt.
A26: ASF-04 | B26: Advanced Spam Filter (ASF) | C26: Sender-ID Hard Fail und NDR-Backscatter | E26: offen | F26: Off (beide) | G26: 'Sender ID filtering hard fail' und 'Backscatter' in der Feature-Liste genannt | H26: Off | I26: Off | J26: Off | K26: EOP | L26: Get-HostedContentFilterPolicy | Format-Table Name,MarkAsSpamFromAddressAuthFail,MarkAsSpamNdrBackscatter | M26: Set-HostedContentFilterPolicy -Identity "Default" -MarkAsSpamFromAddressAuthFail Off -MarkAsSpamNdrBackscatter Off | N26: Defender-Portal > Bedrohungsrichtlinien > Antispam > <Richtlinie> > "Massen-E-Mail-Schwellenwert & Spameigenschaften" > Spameigenschaften > "Absender-ID-Filterung: Hard Fail" und "Backscatter" | O26: Portal öffnen | P26: Learn | Q26: NAMENSKORREKTUR: Der Parameter heißt MarkAsSpamFromAddressAuthFail, NICHT MarkAsSpamSenderIdHardFail (den gibt es nicht). Sender ID ist ein abgelöstes Verfahren. Backscatter wird von der regulären Filterung mit abgedeckt.
A27: ASF-05 | B27: Advanced Spam Filter (ASF) | C27: ASF Test-Modus | E27: offen | F27: None | G27: — | H27: None | I27: None | J27: None | K27: EOP | L27: Get-HostedContentFilterPolicy | Format-Table Name,TestModeAction,TestModeBccToRecipients | M27: Set-HostedContentFilterPolicy -Identity "Default" -TestModeAction None | N27: Defender-Portal > Bedrohungsrichtlinien > Antispam > <Richtlinie> > "Massen-E-Mail-Schwellenwert & Spameigenschaften" > Spameigenschaften > "Testmodus" (gilt global fuer alle auf Test gesetzten ASF-Optionen) | O27: Portal öffnen | P27: Learn | Q27: Falls ASF doch einmal erprobt werden soll: erst alle gewünschten Settings auf 'Test' und TestModeAction auf AddXHeader, dann Trefferquote im Message Trace messen. TestModeAction gilt global für alle Test-Settings, nicht je Setting.
A28: Connection Filter
A29: CF-01 | B29: Connection Filter | C29: IP Allow List | E29: offen | F29: Leer. Falls unvermeidbar: einzelne /32, dokumentiert, mit Ablaufdatum im Betriebshandbuch. | G29: wo benötigt, aber Vorsicht | H29: leer | I29: nicht Teil des Presets | J29: nicht Teil des Presets | K29: EOP | L29: Get-HostedConnectionFilterPolicy -Identity Default | Format-List IPAllowList,IPBlockList,EnableSafeList | M29: Set-HostedConnectionFilterPolicy -Identity Default -IPAllowList @{} | N29: Defender-Portal > Bedrohungsrichtlinien > Antispam > in der Liste die Zeile "Verbindungsfilterrichtlinie (Standard)" ANKLICKEN > Flyout > "Verbindungsfilterrichtlinie bearbeiten" > "Nachrichten aus den folgenden IP-Adressen immer zulassen" | O29: Portal öffnen | P29: Learn | Q29: Die Vorsicht im Ursprungsdokument ist berechtigt: IPAllowList setzt SCL -1 und überspringt Spam-, Phishing-, Bulk- und Spoof-Prüfung. Malware und High Confidence Phishing werden weiterhin geprüft. MS listet die IP Allow List als ZWEITSCHLECHTESTE aller Allow-Methoden.
A30: CF-02 | B30: Connection Filter | C30: IP Block List | E30: offen | F30: Nur bei konkretem Anlass; IPv4-Blocks gehören hierher (nicht in die TABL). | G30: Blacklisting IP-address based | H30: leer | I30: — | J30: — | K30: EOP | L30: Get-HostedConnectionFilterPolicy -Identity Default | Format-List IPBlockList | M30: Set-HostedConnectionFilterPolicy -Identity Default -IPBlockList @{Add="203.0.113.10"} | N30: Defender-Portal > Bedrohungsrichtlinien > Antispam > Zeile "Verbindungsfilterrichtlinie (Standard)" > "Verbindungsfilterrichtlinie bearbeiten" > "Nachrichten aus den folgenden IP-Adressen immer blockieren" | O30: Portal öffnen | P30: Learn | Q30: Max. 1.273 Einträge, CIDR nur /24 bis /32, kein IPv6. Für IPv6 die TABL nutzen. Blockierte Nachrichten sind NICHT im Message Trace sichtbar - klassische Troubleshooting-Falle.
A31: CF-03 | B31: Connection Filter | C31: Safe List (EnableSafeList) | E31: offen | F31: $false | G31: — | H31: $false | I31: — | J31: — | K31: EOP | L31: Get-HostedConnectionFilterPolicy -Identity Default | Format-Table EnableSafeList | M31: Set-HostedConnectionFilterPolicy -Identity Default -EnableSafeList $false | N31: Defender-Portal > Bedrohungsrichtlinien > Antispam > Zeile "Verbindungsfilterrichtlinie (Standard)" > "Verbindungsfilterrichtlinie bearbeiten" > Haken "Sichere Liste aktivieren" | O31: Portal öffnen | P31: Learn | Q31: Doku-Widerspruch: der Konfigurationsartikel beschreibt es als reguläres Feature, die Cmdlet-Referenz kennzeichnet den Parameter als 'reserved for internal Microsoft use'. Faktisch ein pauschaler Filter-Skip für eine Serverliste, die der Kunde nicht einsehen kann. Ausgeschaltet lassen.
A32: Anti-Spam outbound
A33: ASO-01 | B33: Anti-Spam outbound | C33: Eigene Outbound-Policy vs. Default-Policy | E33: offen | F33: Grenzwerte und Aktion in der DEFAULT-Policy setzen; eigene Policies nur für begründete Ausnahmen (z.B. Versand-Postfach). | G33: eigene erstellen | H33: Default-Policy hat feste Priorität 'Lowest' und keine Rule | I33: — | J33: — | K33: EOP | L33: Get-HostedOutboundSpamFilterPolicy | Format-List Name,RecipientLimitExternalPerHour,RecipientLimitInternalPerHour,RecipientLimitPerDay,ActionWhenThresholdReached,AutoForwardingMode,BccSuspiciousOutboundMail,NotifyOutboundSpam | M33: Set-HostedOutboundSpamFilterPolicy -Identity "Default" -RecipientLimitExternalPerHour 500 | N33: Defender-Portal > Bedrohungsrichtlinien > Antispam > Liste auf "Ausgehende Antispamrichtlinie (Standard)" und eigene Richtlinien pruefen; neu ueber "+ Richtlinie erstellen > Ausgehend" | O33: Portal öffnen | P33: Learn | Q33: ABWEICHUNG zur Empfehlung von 2023: BccSuspiciousOutboundMail wirkt NUR in der Default-Policy, nicht in Custom-Policies. Wer alles in eine eigene Policy legt, verliert diese Funktion.
A34: ASO-02 | B34: Anti-Spam outbound | C34: Empfänger-Limits (extern/intern/Tag) | E34: offen | F34: Extern 500/h, intern 1000/h, 1000/Tag (= MS Standard). 200/Tag nur, wenn im Tenant nachweislich kein legitimer Serienversand existiert. | G34: max. 200 pro Tag | H34: 0 / 0 / 0 (= Service-Defaults) | I34: 500 / 1000 / 1000 | J34: 400 / 800 / 800 | K34: EOP | L34: Get-HostedOutboundSpamFilterPolicy | Format-Table Name,RecipientLimitExternalPerHour,RecipientLimitInternalPerHour,RecipientLimitPerDay | M34: Set-HostedOutboundSpamFilterPolicy -Identity "Default" -RecipientLimitExternalPerHour 500 -RecipientLimitInternalPerHour 1000 -RecipientLimitPerDay 1000 | N34: Defender-Portal > Bedrohungsrichtlinien > Antispam > <ausgehende Richtlinie> > "Schutzeinstellungen" > Nachrichtengrenzwerte (extern / intern / taeglich) | O34: Portal öffnen | P34: Learn | Q34: ABWEICHUNG: 200/Tag ist deutlich strenger als MS Strict (800). Für Vertrieb, Personalabteilung oder Rechnungsversand ist das zu eng und erzeugt gesperrte Nutzer. Empfehlung: mit MS-Standard starten, tatsächliche Spitzen im Report messen, dann bewusst absenken. Wertebereich 0-10000, 0 = Service-Default.
A35: ASO-03 | B35: Anti-Spam outbound | C35: Aktion bei Erreichen der Limits | E35: offen | F35: BlockUser (= MS Standard/Strict) + Alert Policy 'User restricted from sending email' mit gepflegten Empfängern | G35: Send Admin-Alert | H35: BlockUserForToday | I35: BlockUser | J35: BlockUser | K35: EOP | L35: Get-HostedOutboundSpamFilterPolicy | Format-Table Name,ActionWhenThresholdReached | M35: Set-HostedOutboundSpamFilterPolicy -Identity "Default" -ActionWhenThresholdReached BlockUser | N35: Defender-Portal > Bedrohungsrichtlinien > Antispam > <ausgehende Richtlinie> > "Schutzeinstellungen" > "Einschraenkung fuer Benutzer, die das Nachrichtenlimit erreichen" | O35: Portal öffnen | P35: Learn | Q35: Gültige Werte NUR: Alert, BlockUser, BlockUserForToday. 'BlockUserForever' oder 'AlertOnly' existieren nicht. BlockUser sperrt bis zur manuellen Admin-Freigabe unter security.microsoft.com/restrictedusers - das ist der Punkt, an dem ein kompromittiertes Konto gestoppt wird.
A36: ASO-04 | B36: Anti-Spam outbound | C36: Automatische externe Weiterleitungen | E36: offen | F36: Automatic (= systemgesteuert = aus) | G36: — (im Ursprungsdokument nicht enthalten) | H36: Automatic | I36: Automatic | J36: Automatic | K36: EOP | L36: Get-HostedOutboundSpamFilterPolicy | Format-Table Name,AutoForwardingMode | M36: Set-HostedOutboundSpamFilterPolicy -Identity "Default" -AutoForwardingMode Automatic | N36: Defender-Portal > Bedrohungsrichtlinien > Antispam > <ausgehende Richtlinie> > "Schutzeinstellungen" > Weiterleitungsregeln > "Automatische Weiterleitungsregeln" | O36: Portal öffnen | P36: Learn | Q36: WICHTIGE LÜCKE im Ursprungsdokument. 'Automatic - System-controlled' ist laut MS gleichbedeutend mit 'Off'. Automatische externe Weiterleitung ist der Standard-Exfiltrationsweg nach einer Kontokompromittierung. Betrifft Posteingangsregeln UND Mailbox-Forwarding. Ausnahmen nur über eine eng gescopte Custom-Policy mit 'On'.
A37: ASO-05 | B37: Anti-Spam outbound | C37: Benachrichtigung/BCC bei verdächtigem Ausgangsverkehr | E37: offen | F37: Bewusste Entscheidung: MS-Preset-konform ($false, Alert Policy nutzen) ODER Secure-Score-konform ($true). | G37: Send Admin-Alert | H37: $false | I37: $false | J37: $false | K37: EOP | L37: Get-HostedOutboundSpamFilterPolicy | Format-List Name,BccSuspiciousOutboundMail,BccSuspiciousOutboundAdditionalRecipients,NotifyOutboundSpam,NotifyOutboundSpamRecipients | M37: Set-HostedOutboundSpamFilterPolicy -Identity "Default" -NotifyOutboundSpam $false | N37: Defender-Portal > Bedrohungsrichtlinien > Antispam > "Ausgehende Antispamrichtlinie (Standard)" > "Schutzeinstellungen" > Benachrichtigungen (BCC-Kopie); gesperrte Absender unter Defender-Portal > Ueberpruefen > Eingeschraenkte Benutzer | O37: Portal öffnen | P37: Learn | Q37: ZIELKONFLIKT, den Microsoft selbst dokumentiert: NotifyOutboundSpam ist 'in the process of being deprecated', die Secure-Score-Empfehlung 'Ensure Exchange Online Spam Policies are set to notify administrators' verlangt es trotzdem. Wer den Presets folgt, verliert Secure-Score-Punkte. Entscheidung dokumentieren.
A38: ASO-06 | B38: Anti-Spam outbound | C38: Tenant External Recipient Rate Limit (TERRL) bekannt und eingeplant | E38: offen | F38: Kunde kennt das Limit; Massenversand läuft nicht über EXO | G38: — (2023 noch nicht existent) | H38: skaliert mit der Lizenzanzahl; Trial-Tenants 5.000 externe Empfänger/Tag | I38: — | J38: — | K38: EOP | L38: # kein Cmdlet - Symptom ist der NDR: # 550 5.7.233 ... tenant external recipient rate limit | M38: — (nicht konfigurierbar) | N38: Nicht konfigurierbar (mandantenweites Limit). Auswertung: Exchange Admin Center > Berichte > Nachrichtenfluss > "Tenant Outbound External Recipients" | O38: Portal öffnen | P38: Learn | Q38: Neu seit 2025. Harte Service-Limits daneben: 10.000 Empfänger/Tag pro Postfach, 30 Nachrichten/Minute, 500 Empfänger je Nachricht. Verteilergruppen zählen mit jedem einzelnen Mitglied. Newsletter gehören auf einen dedizierten Versanddienst, nicht in EXO.
A39: Anti-Phishing / Spoof
A40: APH-01 | B40: Anti-Phishing / Spoof | C40: Spoof Intelligence aktiv | E40: offen | F40: $true | G40: ein | H40: $true | I40: $true | J40: $true | K40: EOP | L40: Get-AntiPhishPolicy | Format-Table Name,Enabled,EnableSpoofIntelligence | M40: Set-AntiPhishPolicy -Identity "Office365 AntiPhish Default" -EnableSpoofIntelligence $true | N40: Defender-Portal > Bedrohungsrichtlinien > Antiphishing > <Richtlinie> > "Phishingschwellenwert & Schutz" > Abschnitt "Spoofing" > "Spoofintelligenz aktivieren" | O40: Portal öffnen | P40: Learn | Q40: WICHTIGE ÄNDERUNG: EnableSpoofIntelligence $false schaltet nur den IMPLIZITEN Spoof-Schutz (Composite Authentication) ab. Die EXPLIZITE DMARC-Durchsetzung über HonorDmarcPolicy bleibt davon unberührt. Ältere Guides, die das gleichsetzen, sind überholt.
A41: APH-02 | B41: Anti-Phishing / Spoof | C41: Aktion bei Spoof-Erkennung (blockierte Spoof-Absender) | E41: offen | F41: Quarantine + SpoofQuarantineTag (Strict-Niveau). Strengere Variante: 'AdminOnlyAccessPolicy' als bewusste Verschärfung möglich. | G41: Immer in Admin-Quarantäne, keine Benutzerbenachrichtigung | H41: MoveToJmf + DefaultFullAccessPolicy | I41: MoveToJmf + DefaultFullAccessPolicy | J41: Quarantine + DefaultFullAccessWithNotificationPolicy | K41: EOP | L41: Get-AntiPhishPolicy | Format-Table Name,AuthenticationFailAction,SpoofQuarantineTag | M41: Set-AntiPhishPolicy -Identity "Office365 AntiPhish Default" -AuthenticationFailAction Quarantine -SpoofQuarantineTag DefaultFullAccessWithNotificationPolicy | N41: Defender-Portal > Bedrohungsrichtlinien > Antiphishing > <Richtlinie> > "Aktionen" > "Wenn die Nachricht durch Spoofintelligenz als Spoofing erkannt wird" | O41: Portal öffnen | P41: Learn | Q41: Gültige Werte nur MoveToJmf und Quarantine. Dies ist einer von nur zwei Punkten, in denen sich Standard- und Strict-Preset im Spoof-Block überhaupt unterscheiden. Die Empfehlung von 2023 liegt hier auf Strict-Niveau - technisch korrekt.
A42: APH-03 | B42: Anti-Phishing / Spoof | C42: DMARC-Policy des Absenders berücksichtigen | E42: offen | F42: HonorDmarcPolicy $true | G42: — (2023 noch nicht existent) | H42: $true | I42: $true | J42: $true | K42: EOP | L42: Get-AntiPhishPolicy | Format-List Name,HonorDmarcPolicy,DmarcQuarantineAction,DmarcRejectAction | M42: Set-AntiPhishPolicy -Identity "Office365 AntiPhish Default" -HonorDmarcPolicy $true | N42: Defender-Portal > Bedrohungsrichtlinien > Antiphishing > <Richtlinie> > "Phishingschwellenwert & Schutz" > "DMARC-Eintragsrichtlinie beruecksichtigen, wenn die Nachricht als Spoofing erkannt wird" | O42: Portal öffnen | P42: Learn | Q42: NEU seit 2023/2024 - die wichtigste inhaltliche Ergänzung zum Ursprungsdokument. Damit wird die veröffentlichte DMARC-Policy fremder Absenderdomänen tatsächlich durchgesetzt, statt nur heuristisch bewertet.
A43: APH-04 | B43: Anti-Phishing / Spoof | C43: Aktion bei DMARC p=quarantine | E43: offen | F43: Quarantine | G43: — | H43: Quarantine | I43: Quarantine | J43: Quarantine | K43: EOP | L43: Get-AntiPhishPolicy | Format-Table Name,DmarcQuarantineAction | M43: Set-AntiPhishPolicy -Identity "Office365 AntiPhish Default" -DmarcQuarantineAction Quarantine | N43: Defender-Portal > Bedrohungsrichtlinien > Antiphishing > <Richtlinie> > "Aktionen" > "... und die DMARC-Richtlinie p=quarantine lautet" | O43: Portal öffnen | P43: Learn | Q43: Gültige Werte nur MoveToJmf und Quarantine - kein Reject. Bei Aktion Quarantine greift die unter SpoofQuarantineTag hinterlegte Quarantäne-Policy.
A44: APH-05 | B44: Anti-Phishing / Spoof | C44: Aktion bei DMARC p=reject | E44: offen | F44: Reject (Default). In der Einführungsphase optional Quarantine. | G44: — | H44: Reject | I44: Reject | J44: Reject | K44: EOP | L44: Get-AntiPhishPolicy | Format-Table Name,DmarcRejectAction | M44: Set-AntiPhishPolicy -Identity "Office365 AntiPhish Default" -DmarcRejectAction Reject | N44: Defender-Portal > Bedrohungsrichtlinien > Antiphishing > <Richtlinie> > "Aktionen" > "... und die DMARC-Richtlinie p=reject lautet" | O44: Portal öffnen | P44: Learn | Q44: Gültige Werte nur Quarantine und Reject - kein MoveToJmf. Bei Reject wird die Nachricht während der SMTP-Transaktion abgewiesen und ist damit nicht mehr wiederherstellbar. Für die ersten Wochen nach Einführung ist Quarantine die sicherere Wahl, weil False Positives sichtbar bleiben.
A45: APH-06 | B45: Anti-Phishing / Spoof | C45: Unauthentifizierter Absender: Fragezeichen im Absenderbild | E45: offen | F45: $true | G45: — | H45: $true | I45: $true | J45: $true | K45: EOP | L45: Get-AntiPhishPolicy | Format-Table Name,EnableUnauthenticatedSender,EnableViaTag | M45: Set-AntiPhishPolicy -Identity "Office365 AntiPhish Default" -EnableUnauthenticatedSender $true -EnableViaTag $true | N45: Defender-Portal > Bedrohungsrichtlinien > Antiphishing > <Richtlinie> > "Aktionen" > Sicherheitstipps & Indikatoren > "(?) fuer nicht authentifizierte Absender anzeigen" und "Tag via anzeigen" | O45: Portal öffnen | P45: Learn | Q45: Beide Indikatoren sind nur wirksam, solange Spoof Intelligence eingeschaltet ist. Das 'via'-Tag zeigt an, wenn die From-Domäne von der DKIM- bzw. MAIL-FROM-Domäne abweicht - z.B. bei Newslettern über Dienstleister.
A46: APH-07 | B46: Anti-Phishing / Spoof | C46: First Contact Safety Tip | E46: offen | F46: $true | G46: im Kommentar als 'nur der First Contact Safety Tip' erwähnt | H46: $false | I46: $true | J46: $true | K46: EOP | L46: Get-AntiPhishPolicy | Format-Table Name,EnableFirstContactSafetyTips | M46: Set-AntiPhishPolicy -Identity "Office365 AntiPhish Default" -EnableFirstContactSafetyTips $true | N46: Defender-Portal > Bedrohungsrichtlinien > Antiphishing > <Richtlinie> > "Aktionen" > Sicherheitstipps & Indikatoren > "Sicherheitstipp fuer ersten Kontakt anzeigen" | O46: Portal öffnen | P46: Learn | Q46: Häufig übersehene Lücke: der Default der Default-Policy ist $false, beide Presets setzen $true. Microsoft empfiehlt es ausdrücklich. Der Parametername ist EnableFirstContactSafetyTips (Plural) - die gerenderte Learn-Seite zeigt teilweise die Singularform, die es nicht gibt.
A47: APH-08 | B47: Anti-Phishing / Spoof | C47: Phishing-Schwellwert | E47: offen | F47: 3 (More aggressive). Stufe 2 nur als Zwischenschritt in einer gestuften Einführung. | G47: Stufe 2 (Schieberegler 1-4) | H47: 1 | I47: 3 | J47: 4 | K47: MDO P1+ | L47: Get-AntiPhishPolicy | Format-Table Name,PhishThresholdLevel | M47: Set-AntiPhishPolicy -Identity "<Policy>" -PhishThresholdLevel 3 | N47: Defender-Portal > Bedrohungsrichtlinien > Antiphishing > <Richtlinie> > "Phishingschwellenwert & Schutz" > "Schwellenwert fuer Phishing-E-Mails" (1-4, nur mit Defender-Lizenz sichtbar) | O47: Portal öffnen | P47: Learn | Q47: ABWEICHUNG mit klarer Empfehlung: Die Empfehlung von 2023 'Stufe 2' liegt UNTER dem, was Microsoft heute im Standard-Preset vorgibt (3). Sie stammt aus einer Zeit, in der die Erkennungsmodelle mehr False Positives produzierten. Achtung: In der Default-Policy ist der Wert gar nicht vorkonfiguriert - er wirkt nur in Custom-Policies oder Presets.
A48: Impersonation (MDO)
A49: IMP-01 | B49: Impersonation (MDO) | C49: Geschützte Domänen: eigene Domänen | E49: offen | F49: EnableOrganizationDomainsProtection $true | G49: 'Include domains I own' aktivieren | H49: $false | I49: $true | J49: $true | K49: MDO P1+ | L49: Get-AntiPhishPolicy | Format-Table Name,EnableOrganizationDomainsProtection,EnableTargetedDomainsProtection,TargetedDomainsToProtect | M49: Set-AntiPhishPolicy -Identity "<Policy>" -EnableOrganizationDomainsProtection $true | N49: Defender-Portal > Bedrohungsrichtlinien > Antiphishing > <Richtlinie> > "Phishingschwellenwert & Schutz" > Identitaetswechsel > "Zu schuetzende Domaenen aktivieren" > "Domaenen einschliessen, die ich besitze" | O49: Portal öffnen | P49: Learn | Q49: Deckt sich mit dem Ursprungsdokument. Eigene Domänen zählen nicht gegen das Limit von 50 Custom-Domains.
A50: IMP-02 | B50: Impersonation (MDO) | C50: Geschützte Domänen: fremde Domänen (Partner, Banken, Steuerberater) | E50: offen | F50: $true mit gepflegter Liste der wichtigsten Geschäftspartner | G50: 'Include custom domains' im Screenshot aktiviert | H50: $false | I50: $true + Liste | J50: $true + Liste | K50: MDO P1+ | L50: Get-AntiPhishPolicy | Format-List Name,TargetedDomainsToProtect,TargetedDomainProtectionAction,TargetedDomainQuarantineTag | M50: Set-AntiPhishPolicy -Identity "<Policy>" -EnableTargetedDomainsProtection $true -TargetedDomainsToProtect @{Add="hausbank.de","steuerberater.de"} -TargetedDomainProtectionAction Quarantine | N50: Defender-Portal > Bedrohungsrichtlinien > Antiphishing > <Richtlinie> > "Phishingschwellenwert & Schutz" > Identitaetswechsel > "Benutzerdefinierte Domaenen einschliessen" (max. 50) | O50: Portal öffnen | P50: Learn | Q50: Max. 50 Custom-Domänen pro Policy. MS wörtlich: 'domains that you don't own, but you frequently interact with'. Die Erkennung ist bewusst unscharf - auch entfernt ähnliche Domänen schlagen an.
A51: IMP-03 | B51: Impersonation (MDO) | C51: Geschützte Benutzer (Geschäftsführung, Buchhaltung, Einkauf) | E51: offen | F51: $true mit Liste der Schlüsselrollen | G51: — (im Screenshot 0 Absender konfiguriert) | H51: $false / leer | I51: $true + Liste | J51: $true + Liste | K51: MDO P1+ | L51: Get-AntiPhishPolicy | Format-List Name,EnableTargetedUserProtection,TargetedUsersToProtect,TargetedUserProtectionAction | M51: Set-AntiPhishPolicy -Identity "<Policy>" -EnableTargetedUserProtection $true -TargetedUsersToProtect @{Add="Max Mustermann;max.mustermann@kunde.de"} -TargetedUserProtectionAction Quarantine | N51: Defender-Portal > Bedrohungsrichtlinien > Antiphishing > <Richtlinie> > "Phishingschwellenwert & Schutz" > Identitaetswechsel > "Benutzern das Schuetzen ermoeglichen" > "Geschuetzte Benutzer verwalten" (max. 350) | O51: Portal öffnen | P51: Learn | Q51: LÜCKE im Ist-Zustand des Ursprungsdokuments: der Screenshot zeigt 'Off - 0 sender(s) specified'. Format zwingend 'Anzeigename;E-Mail-Adresse'. Max. 350 Nutzer pro Policy. Das ist die Verteidigung gegen CEO-Fraud.
A52: IMP-04 | B52: Impersonation (MDO) | C52: Impersonation-Aktionen tatsächlich gesetzt (nicht 'NoAction') | E52: offen | F52: Quarantine für User- und Domain-Impersonation; Mailbox Intelligence MoveToJmf (Standard) bzw. Quarantine (Strict) | G52: Screenshot zeigt 'Don't apply any action' für alle drei Impersonation-Typen | H52: NoAction | I52: Quarantine / Quarantine / MoveToJmf | J52: Quarantine / Quarantine / Quarantine | K52: MDO P1+ | L52: Get-AntiPhishPolicy | Format-List Name,TargetedUserProtectionAction,TargetedDomainProtectionAction,MailboxIntelligenceProtectionAction | M52: Set-AntiPhishPolicy -Identity "<Policy>" -TargetedUserProtectionAction Quarantine -TargetedDomainProtectionAction Quarantine -MailboxIntelligenceProtectionAction MoveToJmf | N52: Defender-Portal > Bedrohungsrichtlinien > Antiphishing > <Richtlinie> > "Aktionen" > die drei Zeilen zu Benutzer-, Domaenenidentitaetswechsel und Postfachintelligenz (nicht "Keine Aktion anwenden") | O52: Portal öffnen | P52: Learn | Q52: KRITISCH: Impersonation-Schutz einzuschalten und die Aktion auf NoAction zu lassen, erzeugt nur Telemetrie ohne Wirkung. Genau dieser Zustand ist im Screenshot des Ursprungsdokuments dokumentiert. Werte: NoAction, BccMessage, Delete, MoveToJmf, Quarantine, Redirect.
A53: IMP-05 | B53: Impersonation (MDO) | C53: Mailbox Intelligence | E53: offen | F53: EnableMailboxIntelligence $true UND EnableMailboxIntelligenceProtection $true | G53: ein; ist aber ein MDO-Feature | H53: $true / $false | I53: $true / $true | J53: $true / $true | K53: MDO P1+ | L53: Get-AntiPhishPolicy | Format-Table Name,EnableMailboxIntelligence,EnableMailboxIntelligenceProtection | M53: Set-AntiPhishPolicy -Identity "<Policy>" -EnableMailboxIntelligence $true -EnableMailboxIntelligenceProtection $true | N53: Defender-Portal > Bedrohungsrichtlinien > Antiphishing > <Richtlinie> > "Phishingschwellenwert & Schutz" > Identitaetswechsel > "Postfachintelligenz aktivieren" und "Intelligenz fuer Identitaetswechselschutz aktivieren" | O53: Portal öffnen | P53: Learn | Q53: Zwei getrennte Schalter - der zweite ist ab Werk aus. Ohne den zweiten liefert Mailbox Intelligence nur False-Positive-Reduktion, aber keine eigene Erkennung. Wechselwirkung: bei bestehender Kommunikationshistorie unterdrückt Mailbox Intelligence die User-/Domain-Impersonation-Treffer bewusst.
A54: IMP-06 | B54: Impersonation (MDO) | C54: Impersonation Safety Tips | E54: offen | F54: alle drei $true | G54: — | H54: alle $false | I54: alle $true | J54: alle $true | K54: MDO P1+ | L54: Get-AntiPhishPolicy | Format-List Name,EnableSimilarUsersSafetyTips,EnableSimilarDomainsSafetyTips,EnableUnusualCharactersSafetyTips | M54: Set-AntiPhishPolicy -Identity "<Policy>" -EnableSimilarUsersSafetyTips $true -EnableSimilarDomainsSafetyTips $true -EnableUnusualCharactersSafetyTips $true | N54: Defender-Portal > Bedrohungsrichtlinien > Antiphishing > <Richtlinie> > "Aktionen" > Sicherheitstipps & Indikatoren > die drei Identitaetswechsel-Tipps | O54: Portal öffnen | P54: Learn | Q54: Achtung: der gerenderte Learn-Artikel suggeriert teilweise $true als Default - die Rohquelle sagt eindeutig $false. Diese Tipps sind die 'adaptive Impersonation'-Variante der Banner-Diskussion aus dem Ursprungsdokument (Variante II).
A55: IMP-07 | B55: Impersonation (MDO) | C55: Trusted senders / trusted domains (Impersonation-Ausnahmen) | E55: offen | F55: Leer bzw. minimal und begründet | G55: muss nicht gesetzt werden, wenn für Domain aktiv | H55: leer | I55: leer | J55: leer | K55: MDO P1+ | L55: Get-AntiPhishPolicy | Format-List Name,ExcludedSenders,ExcludedDomains | M55: Set-AntiPhishPolicy -Identity "<Policy>" -ExcludedDomains @{Remove="<domain>"} | N55: Defender-Portal > Bedrohungsrichtlinien > Antiphishing > <Richtlinie> > "Phishingschwellenwert & Schutz" > Identitaetswechsel > "Vertrauenswuerdige Absender und Domaenen hinzufuegen" (max. 1024) | O55: Portal öffnen | P55: Learn | Q55: Wirken NUR gegen Impersonation, nicht gegen Spoof/Spam/Malware. Subdomains sind NICHT eingeschlossen - jede Subdomain braucht einen eigenen Eintrag. Limit 1.024 Einträge. Admin-Submissions vom Typ 'False Positive' bei Impersonation landen automatisch hier.
A56: IMP-08 | B56: Impersonation (MDO) | C56: Priority Account Protection | E56: offen | F56: $true; Priority-Accounts im M365 Admin Center getaggt | G56: — (2023 noch nicht existent) | H56: $true (P2-Tenants) | I56: — | J56: — | K56: MDO P2 / E5 | L56: Get-EmailTenantSettings | Format-List Identity,EnablePriorityAccountProtection | M56: Set-EmailTenantSettings -EnablePriorityAccountProtection $true | N56: Defender-Portal > Einstellungen > E-Mail & Zusammenarbeit > Schutz von Prioritaetskonten (Priority account protection); die Konten selbst werden im Microsoft 365 Admin Center markiert | O56: Portal öffnen | P56: Learn | Q56: Getrennter Mechanismus, nicht Teil der Anti-Phish-Policy. VIPs müssen doppelt erfasst werden: Priority-Account-Tag für die Heuristik UND TargetedUsersToProtect für die Impersonation-Aktion. Eines ersetzt das andere nicht. MS: 'We don't recommend turning off priority account protection.'
A57: Tenant Allow/Block List
A58: TABL-01 | B58: Tenant Allow/Block List | C58: TABL als primärer Allow-Mechanismus etabliert | E58: offen | F58: Etabliert als EINZIGER regulärer Allow-Weg; Safe-Sender-Listen und Transportregel-Bypässe abgebaut | G58: nur einsetzen, wenn benötigt | H58: — | I58: — | J58: — | K58: EOP (Limits abhängig von MDO-Plan) | L58: Get-TenantAllowBlockListItems -ListType Sender -Allow Get-TenantAllowBlockListItems -ListType Sender -Block | M58: New-TenantAllowBlockListItems -ListType Sender -Allow -Entries "absender@partner.de" -ExpirationDate (Get-Date).AddDays(30) | N58: Defender-Portal > Bedrohungsrichtlinien > Mandanten-Zulassungs-/Sperrlisten. Zulassungen entstehen bevorzugt ueber Uebermittlungen (Submissions), nicht von Hand | O58: Portal öffnen | P58: Learn | Q58: Microsoft wörtlich: 'Our number one recommended option for allowing mail from senders or domains is the Tenant Allow/Block List.' Rangfolge der Allow-Methoden von best zu schlecht: TABL > Transportregel > Outlook Safe Senders > IP Allow List > Anti-Spam-Allowlisten. Der Grund: TABL ist ein verdikt-spezifischer Bypass mit Ablaufdatum, kein pauschaler Filter-Skip.
A59: TABL-02 | B59: Tenant Allow/Block List | C59: Absender-/Domain-Blocks gepflegt und mit Ablaufdatum | E59: offen | F59: Bestand geprüft, Altlasten entfernt, Ablaufdaten gesetzt | G59: Manuelle Pflege einer Personen/Domain-basierten Blacklist, nur bei Bedarf | H59: Block-Einträge laufen nach 30 Tagen ab, bis 90 Tage oder 'nie' setzbar | I59: — | J59: — | K59: EOP / MDO | L59: Get-TenantAllowBlockListItems -ListType Sender -Block | Format-Table Value,ExpirationDate,Notes | M59: New-TenantAllowBlockListItems -ListType Sender -Block -Entries "boese-domain.tld" -NoExpiration -Notes "Ticket #1234" | N59: Defender-Portal > Bedrohungsrichtlinien > Mandanten-Zulassungs-/Sperrlisten > Reiter "Domaenen und E-Mail-Adressen" > Spalten "Aktion" und "Laeuft ab am" | O59: Portal öffnen | P59: Learn | Q59: Ein Block erzeugt das Verdict 'High Confidence Phishing'. Er sperrt AUSSERDEM den ausgehenden Versand an diese Adresse (NDR 550 5.7.703). Für reine Spam-Behandlung stattdessen BlockedSenderDomains in der Anti-Spam-Policy. Hybrid-Falle: Nachrichten mit dem Header X-MS-Exchange-Organization-AuthAs: Internal werden von Block-Einträgen nicht erfasst.
A60: TABL-03 | B60: Tenant Allow/Block List | C60: Spoofed senders (freigegebene Spoof-Absender) geprüft | E60: offen | F60: Bestand geprüft; jeder Allow-Eintrag hat einen dokumentierten Grund und ein Ticket. Vorrang hat die Korrektur von SPF/DKIM beim Absender. | G60: nur freigeben, wenn nicht anders lösbar (siehe korrekte SPFs) | H60: Spoof-Allow-Einträge laufen NIE ab | I60: — | J60: — | K60: EOP | L60: Get-TenantAllowBlockListSpoofItems | Format-Table SpoofedUser,SendingInfrastructure,SpoofType,Action | M60: New-TenantAllowBlockListSpoofItems -Identity Default -Action Allow -SpoofedUser "dienst@partner.de" -SendingInfrastructure "mailer.partner.de" -SpoofType External | N60: Defender-Portal > Bedrohungsrichtlinien > Mandanten-Zulassungs-/Sperrlisten > Reiter "Gefaelschte Absender"; ergaenzend die Spoofintelligenz-Erkenntnisse | O60: Portal öffnen | P60: Learn | Q60: Die Empfehlung im Ursprungsdokument ist unverändert richtig und heute noch wichtiger: Spoof-Allow-Einträge laufen nie ab und sind damit dauerhafte Löcher. Ein Eintrag ist immer ein Paar aus 'Spoofed user' und 'Sending infrastructure'. Set-TenantAllowBlockListSpoofItems kann nur Allow/Block umschalten.
A61: TABL-04 | B61: Tenant Allow/Block List | C61: URL-Einträge | E61: offen | F61: Nur bei Bedarf; Blocks bevorzugt hier statt in der (abgeschafften) Safe-Links-Global-Block-List | G61: Manuelles Blockieren von URLs, nur bei Bedarf | H61: — | I61: — | J61: — | K61: EOP / MDO | L61: Get-TenantAllowBlockListItems -ListType Url | M61: New-TenantAllowBlockListItems -ListType Url -Block -Entries "boese.tld/pfad" -NoExpiration | N61: Defender-Portal > Bedrohungsrichtlinien > Mandanten-Zulassungs-/Sperrlisten > Reiter "URLs" | O61: Portal öffnen | P61: Learn | Q61: Die Safe Links Global Block List (im Screenshot des Ursprungsdokuments noch als angekündigte Abschaltung sichtbar) ist inzwischen entfernt; URL-Blocks laufen ausschließlich über die TABL. Skripte mit Set-AtpPolicyForO365 -BlockUrls brechen.
A62: TABL-05 | B62: Tenant Allow/Block List | C62: Datei-Hashes | E62: offen | F62: Nur bei Bedarf (Incident Response) | G62: Manuelles Blockieren von File-Anhängen (Hash-basierend), nur bei Bedarf | H62: — | I62: — | J62: — | K62: EOP / MDO | L62: Get-TenantAllowBlockListItems -ListType FileHash | M62: New-TenantAllowBlockListItems -ListType FileHash -Block -Entries "<SHA256>" -NoExpiration | N62: Defender-Portal > Bedrohungsrichtlinien > Mandanten-Zulassungs-/Sperrlisten > Reiter "Dateien" (nur SHA256, Zulassungen nur ueber Uebermittlungen) | O62: Portal öffnen | P62: Learn | Q62: Nur SHA256, max. 64 Zeichen. Allow-Einträge für Dateien können NICHT direkt angelegt werden - nur über den Weg Submissions > 'I've confirmed it's clean'.
A63: TABL-06 | B63: Tenant Allow/Block List | C63: IP-Einträge (IPv6) | E63: offen | F63: Nur bei Bedarf; IPv4 gehört in den Connection Filter | G63: — (2023 noch nicht verfügbar) | H63: IP-Einträge laufen nie ab | I63: — | J63: — | K63: EOP / MDO | L63: Get-TenantAllowBlockListItems -ListType IP | M63: New-TenantAllowBlockListItems -ListType IP -Block -Entries "2001:db8::/32" -NoExpiration | N63: Defender-Portal > Bedrohungsrichtlinien > Mandanten-Zulassungs-/Sperrlisten > Reiter "IP-Adressen" (ausschliesslich IPv6) | O63: Portal öffnen | P63: Learn | Q63: NUR IPv6. Microsoft wörtlich: 'IPv4 addresses (both single addresses and ranges) aren't supported.' Für IPv4 weiterhin Set-HostedConnectionFilterPolicy -IPBlockList.
A64: Anti-Malware
A65: AMW-01 | B65: Anti-Malware | C65: Common Attachment Filter (Blockieren nach Dateityp) | E65: offen | F65: EnableFileFilter $true; Default-Liste (54 Typen) als Minimum, Erweiterung nach Messung | G65: ein | H65: $true | I65: $true | J65: $true | K65: EOP | L65: Get-MalwareFilterPolicy | Format-List Name,EnableFileFilter,FileTypeAction,FileTypes | M65: Set-MalwareFilterPolicy -Identity "Default" -EnableFileFilter $true | N65: Defender-Portal > Bedrohungsrichtlinien > Antischadsoftware > <Richtlinie> > "Schutzeinstellungen" > "Aktivieren Sie den allgemeinen Anlagenfilter" > "Dateitypen auswaehlen" | O65: Portal öffnen | P65: Learn | Q65: Microsoft dokumentiert KEINE eigene 'empfohlene erweiterte Liste' - jede Erweiterung über die 54 Default-Typen hinaus ist eine Consultant-Entscheidung und muss so gekennzeichnet werden. Archive (zip, 7z, rar) sind bewusst NICHT im Default; ihre Aufnahme bricht typischerweise Geschäftsprozesse. Gefiltert wird nach echtem Dateityp, nicht nur nach Endung.
A66: AMW-02 | B66: Anti-Malware | C66: ZAP für Malware | E66: offen | F66: $true | G66: ein | H66: $true | I66: $true | J66: $true | K66: EOP | L66: Get-MalwareFilterPolicy | Format-Table Name,ZapEnabled | M66: Set-MalwareFilterPolicy -Identity "Default" -ZapEnabled $true | N66: Defender-Portal > Bedrohungsrichtlinien > Antischadsoftware > <Richtlinie> > "Schutzeinstellungen" > "Automatische Null-Stunden-Bereinigung fuer Schadsoftware aktivieren" | O66: Portal öffnen | P66: Learn | Q66: Hier heißt der Parameter weiterhin ZapEnabled - anders als in der Anti-Spam-Policy, wo er aufgeteilt wurde. MS: 'we recommend that you leave it on.'
A67: AMW-03 | B67: Anti-Malware | C67: Aktion des Dateityp-Filters | E67: offen | F67: Reject (MS-konform) oder Quarantine (wenn NDRs an Absender unerwünscht sind) | G67: — | H67: Reject | I67: Reject | J67: Reject | K67: EOP | L67: Get-MalwareFilterPolicy | Format-Table Name,FileTypeAction,QuarantineTag | M67: Set-MalwareFilterPolicy -Identity "Default" -FileTypeAction Reject | N67: Defender-Portal > Bedrohungsrichtlinien > Antischadsoftware > <Richtlinie> > "Schutzeinstellungen" > "Wenn diese Dateitypen gefunden werden" (NDR ablehnen vs. Quarantaene) | O67: Portal öffnen | P67: Learn | Q67: Nur zwei Werte: Reject (NDR an den Absender) und Quarantine (still, kein NDR). Reject ist transparenter für legitime Absender, Quarantine besser für Forensik. Bewusst entscheiden.
A68: AMW-04 | B68: Anti-Malware | C68: Quarantäne-Policy für Malware | E68: offen | F68: AdminOnlyAccessPolicy | G68: admin access; Notification settings: Admin Quarantäne | H68: AdminOnlyAccessPolicy | I68: AdminOnlyAccessPolicy | J68: AdminOnlyAccessPolicy | K68: EOP | L68: Get-MalwareFilterPolicy | Format-Table Name,QuarantineTag | M68: Set-MalwareFilterPolicy -Identity "Default" -QuarantineTag AdminOnlyAccessPolicy | N68: Defender-Portal > Bedrohungsrichtlinien > Antischadsoftware > <Richtlinie> > "Schutzeinstellungen" > "Quarantaenerichtlinie" (Default AdminOnlyAccessPolicy) | O68: Portal öffnen | P68: Learn | Q68: Empfehlung von 2023 deckt sich mit allen MS-Presets. Wichtig zu wissen: Selbst wenn man eine Quarantäne-Policy mit Release-Recht zuweist, wird Release für Malware NIE gewährt - es wird automatisch zu 'Request release' degradiert.
A69: AMW-05 | B69: Anti-Malware | C69: Admin-Benachrichtigungen bei Malware-Funden | E69: offen | F69: Optional. MS-Presets nutzen es NICHT - stattdessen Alert Policies (REP-02). | G69: Ein Administrator wird benachrichtigt | H69: $false | I69: nicht konfiguriert | J69: nicht konfiguriert | K69: EOP | L69: Get-MalwareFilterPolicy | Format-List Name,EnableInternalSenderAdminNotifications,InternalSenderAdminAddress,EnableExternalSenderAdminNotifications,ExternalSenderAdminAddress | M69: Set-MalwareFilterPolicy -Identity "Default" -EnableInternalSenderAdminNotifications $true -InternalSenderAdminAddress "security@kunde.de" | N69: Defender-Portal > Bedrohungsrichtlinien > Antischadsoftware > <Richtlinie> > "Schutzeinstellungen" > Benachrichtigungen > Administratorbenachrichtigungen | O69: Portal öffnen | P69: Learn | Q69: Absender-Benachrichtigungen (Enable*SenderNotifications) gibt es NUR on-premises, nicht in Exchange Online. Empfänger-Benachrichtigungen wurden in die Quarantäne-Policy verlagert. Admin-Notifications werden nur für Anhänge verschickt, nicht für Body-basierte Malware-Verdicts.
A70: Safe Attachments (MDO)
A71: SA-01 | B71: Safe Attachments (MDO) | C71: Safe-Attachments-Policy aktiv und Aktion = Block | E71: offen | F71: Enable $true, Action Block, QuarantineTag AdminOnlyAccessPolicy | G71: Screenshot zeigt Action = Block, Quarantäne-Policy AdminOnlyAccessPolicy | H71: Enable $false / Block | I71: $true / Block | J71: $true / Block | K71: MDO P1+ | L71: Get-SafeAttachmentPolicy | Format-Table Name,Enable,Action,QuarantineTag,Redirect,RedirectAddress | M71: Set-SafeAttachmentPolicy -Identity "<Policy>" -Enable $true -Action Block -QuarantineTag AdminOnlyAccessPolicy | N71: Defender-Portal > Bedrohungsrichtlinien > Sichere Anlagen > <Richtlinie> > "Einstellungen" > "Safe Attachments-Antwort bei unbekannter Schadsoftware" = Blockieren | O71: Portal öffnen | P71: Learn | Q71: ÄNDERUNG: 'Replace' ist entfernt. Gültige Werte 2026 nur noch Allow (= Monitor), Block (Default) und DynamicDelivery. Der Screenshot im Ursprungsdokument zeigt noch 'Replace (To be deprecated)' - inzwischen vollzogen. Bestandspolicies auf Altwerte prüfen.
A72: SA-02 | B72: Safe Attachments (MDO) | C72: Redirect-Konfiguration konsistent | E72: offen | F72: Redirect $false (bei Action Block) | G72: Screenshot: 'Enable redirect' nicht gesetzt | H72: $false | I72: $false | J72: $false | K72: MDO P1+ | L72: Get-SafeAttachmentPolicy | Format-Table Name,Action,Redirect,RedirectAddress | M72: Set-SafeAttachmentPolicy -Identity "<Policy>" -Redirect $false | N72: Defender-Portal > Bedrohungsrichtlinien > Sichere Anlagen > <Richtlinie> > "Einstellungen" > "Umleiten von Nachrichten mit erkannten Anlagen" (wirkt laut Doku nur bei Aktion "Ueberwachen") | O72: Portal öffnen | P72: Learn | Q72: Fallstrick: Redirect ist NUR wirksam, wenn Action = Allow (Monitor). Die Kombination -Redirect $true mit -Action Block wird ohne Fehlermeldung akzeptiert und tut nichts. Der Parameter ActionOnError ('Apply the detection response if scanning can't complete', im Screenshot noch sichtbar) existiert 2026 nicht mehr und hat keinen dokumentierten Nachfolger.
A73: SA-03 | B73: Safe Attachments (MDO) | C73: Safe Attachments für SharePoint, OneDrive und Teams | E73: offen | F73: $true | G73: Screenshot: aktiviert | H73: $false | I73: $true (via Built-in protection) | J73: $true | K73: MDO P1+ | L73: Get-AtpPolicyForO365 | Format-List Name,EnableATPForSPOTeamsODB,EnableSafeDocs,AllowSafeDocsOpen | M73: Set-AtpPolicyForO365 -Identity Default -EnableATPForSPOTeamsODB $true | N73: Defender-Portal > Bedrohungsrichtlinien > Sichere Anlagen > Zahnrad "Globale Einstellungen" > "Defender for Office 365 fuer SharePoint, OneDrive und Microsoft Teams aktivieren". Download-Sperre zusaetzlich nur per SharePoint-PowerShell | O73: Portal öffnen | P73: Learn | Q73: Wichtiger Zusatzschritt, der oft fehlt: EnableATPForSPOTeamsODB $true blockiert erkannte Dateien NICHT automatisch für den Download. Dafür ist zusätzlich Set-SPOTenant -DisallowInfectedFileDownload $true in der SharePoint Online Management Shell nötig.
A74: SA-04 | B74: Safe Attachments (MDO) | C74: Safe Documents | E74: offen | F74: $true, AllowSafeDocsOpen $false — sofern lizenziert | G74: Screenshot: aktiviert, 'Allow people to click through' aus | H74: $false / $false | I74: — | J74: — | K74: M365 E5 / A5 / E5 Security — NICHT in MDO P1 oder P2 standalone | L74: Get-AtpPolicyForO365 | Format-Table EnableSafeDocs,AllowSafeDocsOpen | M74: Set-AtpPolicyForO365 -Identity Default -EnableSafeDocs $true -AllowSafeDocsOpen $false | N74: Defender-Portal > Bedrohungsrichtlinien > Sichere Anlagen > Zahnrad "Globale Einstellungen" > "Safe Documents fuer Office-Clients aktivieren" plus Durchklicken verbieten | O74: Portal öffnen | P74: Learn | Q74: LIZENZFALLE: Safe Documents ist an den Service Plan 'Office 365 SafeDocs' gebunden und in reinem MDO P1/P2 NICHT enthalten. Vor der Aktivierung die Lizenzierung prüfen, sonst ist der Schalter wirkungslos.
A75: SA-05 | B75: Safe Attachments (MDO) | C75: Dynamic Delivery — bewusste Entscheidung | E75: offen | F75: Nicht verwenden; Block ist die belegbare MS-Empfehlung | G75: — | H75: — | I75: Block | J75: Block | K75: MDO P1+ | L75: Get-SafeAttachmentPolicy | Format-Table Name,Action | M75: Set-SafeAttachmentPolicy -Identity "<Policy>" -Action Block | N75: Defender-Portal > Bedrohungsrichtlinien > Sichere Anlagen > <Richtlinie> > "Einstellungen" > "Safe Attachments-Antwort" = "Dynamische Uebermittlung (Vorschau von Nachrichten)" | O75: Portal öffnen | P75: Learn | Q75: Dynamic Delivery existiert weiter, hat aber dokumentierte Lücken: funktioniert nur für Exchange-Online-Postfächer, nicht bei Public Folders, nicht bei S/MIME-verschlüsselten Nachrichten und nicht bei Custom-Routing-Regeln. Alle drei Presets setzen Block.
A76: Safe Links (MDO)
A77: SL-01 | B77: Safe Links (MDO) | C77: Safe Links für E-Mail, Teams und Office-Apps | E77: offen | F77: alle drei $true | G77: Screenshot: alle drei aktiviert | H77: $true | I77: $true | J77: $true | K77: MDO P1+ | L77: Get-SafeLinksPolicy | Format-List Name,EnableSafeLinksForEmail,EnableSafeLinksForTeams,EnableSafeLinksForOffice,ScanUrls,DeliverMessageAfterScan,EnableForInternalSenders | M77: Set-SafeLinksPolicy -Identity "<Policy>" -EnableSafeLinksForEmail $true -EnableSafeLinksForTeams $true -EnableSafeLinksForOffice $true | N77: Defender-Portal > Bedrohungsrichtlinien > Sichere Links > <Richtlinie> > "URL- & Klickschutzeinstellungen" > Abschnitte "E-Mail", "Teams" und "Office 365-Apps" je auf Ein | O77: Portal öffnen | P77: Learn | Q77: In Teams und Office-Apps werden URLs nie umgeschrieben - dort ist es reine Prüfung zum Klickzeitpunkt.
A78: SL-02 | B78: Safe Links (MDO) | C78: Interne Absender einbeziehen | E78: offen | F78: $true | G78: Screenshot: 'Apply Safe Links to email messages sent within the organization' aktiviert | H78: $true (Custom) / $false (Built-in protection) | I78: $true | J78: $true | K78: MDO P1+ | L78: Get-SafeLinksPolicy | Format-Table Name,EnableForInternalSenders | M78: Set-SafeLinksPolicy -Identity "<Policy>" -EnableForInternalSenders $true | N78: Defender-Portal > Bedrohungsrichtlinien > Sichere Links > <Richtlinie> > "URL- & Klickschutzeinstellungen" > E-Mail > "Sichere Links auf E-Mail-Nachrichten anwenden, die innerhalb der Organisation gesendet werden" | O78: Portal öffnen | P78: Learn | Q78: Wichtig gegen laterale Ausbreitung nach einer Kontokompromittierung. Das Built-in-protection-Preset setzt hier $false - ein weiterer Grund, warum Built-in kein Ersatz für Standard/Strict ist.
A79: SL-03 | B79: Safe Links (MDO) | C79: Warten auf Scan-Abschluss vor Zustellung | E79: offen | F79: $true | G79: Screenshot: aktiviert | H79: $true | I79: $true | J79: $true | K79: MDO P1+ | L79: Get-SafeLinksPolicy | Format-Table Name,ScanUrls,DeliverMessageAfterScan | M79: Set-SafeLinksPolicy -Identity "<Policy>" -ScanUrls $true -DeliverMessageAfterScan $true | N79: Defender-Portal > Bedrohungsrichtlinien > Sichere Links > <Richtlinie> > "URL- & Klickschutzeinstellungen" > "URL-Ueberpruefung in Echtzeit ..." mit der Unteroption "Warten, bis die URL-Ueberpruefung abgeschlossen ist" | O79: Portal öffnen | P79: Learn | Q79: Kostet Zustellzeit (typischerweise Sekunden). Wird das abgeschaltet, kann eine Nachricht zugestellt sein, bevor das Ergebnis vorliegt.
A80: SL-04 | B80: Safe Links (MDO) | C80: Durchklicken zur Original-URL unterbinden | E80: offen | F80: AllowClickThrough $false | G80: Screenshot: 'Let users click through to the original URL' NICHT gesetzt | H80: $false (Custom) / $true (Built-in protection) | I80: $false | J80: $false | K80: MDO P1+ | L80: Get-SafeLinksPolicy | Format-Table Name,TrackClicks,AllowClickThrough | M80: Set-SafeLinksPolicy -Identity "<Policy>" -TrackClicks $true -AllowClickThrough $false | N80: Defender-Portal > Bedrohungsrichtlinien > Sichere Links > <Richtlinie> > "URL- & Klickschutzeinstellungen" > Klickschutzeinstellungen > "Benutzern das Durchklicken zur urspruenglichen URL erlauben" ausschalten | O80: Portal öffnen | P80: Learn | Q80: Deckt sich mit dem Ursprungsdokument und mit Standard/Strict. Built-in protection erlaubt das Durchklicken - bei Tenants, die nur auf Built-in setzen, ist das eine offene Lücke.
A81: SL-05 | B81: Safe Links (MDO) | C81: URL-Rewriting aktiv (nicht 'API only') | E81: offen | F81: DisableUrlRewrite $false | G81: Screenshot: 'Do not rewrite URLs, do checks via Safe Links API only' NICHT gesetzt | H81: $false (Custom) / $true (Built-in protection) | I81: $false | J81: $false | K81: MDO P1+ | L81: Get-SafeLinksPolicy | Format-Table Name,DisableUrlRewrite | M81: Set-SafeLinksPolicy -Identity "<Policy>" -DisableUrlRewrite $false | N81: Defender-Portal > Bedrohungsrichtlinien > Sichere Links > <Richtlinie> > "URL- & Klickschutzeinstellungen" > E-Mail > "URLs nicht umschreiben, Ueberpruefungen nur ueber die SafeLinks-API" muss AUS sein | O81: Portal öffnen | P81: Learn | Q81: API-only reduziert Sichtbarkeit und Wirkung auf Clients ohne API-Unterstützung. Beide Presets setzen bewusst $false.
A82: SL-06 | B82: Safe Links (MDO) | C82: 'Do not rewrite the following URLs' — Bestand und korrektes Verständnis | E82: offen | F82: Liste leer bzw. minimal; Verdict-Ausnahmen ausschließlich über TABL-URL-Allow | G82: Hinweis im Dokument: Einträge werden nicht gescannt/umgeschrieben, schützen aber nicht vor der Einstufung als schädlich; dafür ist die TABL nötig. | H82: leer | I82: leer | J82: leer | K82: MDO P1+ | L82: Get-SafeLinksPolicy | Format-List Name,DoNotRewriteUrls | M82: Set-SafeLinksPolicy -Identity "<Policy>" -DoNotRewriteUrls @{Remove="<url>"} | N82: Defender-Portal > Bedrohungsrichtlinien > Sichere Links > <Richtlinie> > "URL- & Klickschutzeinstellungen" > "Die folgenden URLs in E-Mails nicht umschreiben" > "Nicht umzuschreibende URLs verwalten" (pro Richtlinie, nicht global) | O82: Portal öffnen | P82: Learn | Q82: Die Aussage im Ursprungsdokument ist BESTÄTIGT und weiterhin gültig - MS wörtlich: Einträge 'aren't scanned or wrapped by Safe Links during mail flow, but might still be blocked at time of click'. Umgekehrt gilt: ein TABL-URL-Allow verhindert das Wrapping NICHT. Die beiden Mechanismen sind orthogonal. Weitere Fallstricke: max. 3 Wildcards je Eintrag; *.contoso.com deckt contoso.com NICHT ab; Teams und Office Web Apps ignorieren die Liste.
A83: SL-07 | B83: Safe Links (MDO) | C83: Warnseiten-Branding und Benachrichtigungstext | E83: offen | F83: Organisationsbranding aktiv, sinnvoller deutscher Text ODER Default-Text | G83: Screenshot zeigt Custom notification text ('Du hier nix!') mit Translator | H83: EnableOrganizationBranding $false, kein Custom-Text | I83: wie Default | J83: wie Default | K83: MDO P1+ | L83: Get-SafeLinksPolicy | Format-List Name,EnableOrganizationBranding,CustomNotificationText,UseTranslatedNotificationText | M83: Set-SafeLinksPolicy -Identity "<Policy>" -EnableOrganizationBranding $true -CustomNotificationText "Diese Adresse wurde von der IT-Sicherheit blockiert. Bei Fragen wenden Sie sich an den Service Desk." -UseTranslatedNotificationText $true | N83: Defender-Portal > Bedrohungsrichtlinien > Sichere Links > <Richtlinie> > "URL- & Klickschutzeinstellungen" > "Organisationsbranding anzeigen" (Logo aus dem M365-Organisationsdesign) sowie > "Benachrichtigung" > eigener Text (max. 200 Zeichen) | O83: Portal öffnen | P83: Learn | Q83: PRÜFPUNKT aus dem Screenshot: der dort hinterlegte Text 'Du hier nix!' ist erkennbar ein Testeintrag. Bei jedem Kunden prüfen, ob ein produktiver Text hinterlegt ist. Organisationsbranding setzt ein konfiguriertes M365-Org-Theme voraus.
A84: Quarantäne-Policies
A85: QUA-01 | B85: Quarantäne-Policies | C85: Zuordnung Quarantäne-Policy je Verdict vollständig und bewusst | E85: offen | F85: Malware/Safe Attachments/HC-Phish: AdminOnlyAccessPolicy. Übrige Verdicts: DefaultFullAccessWithNotificationPolicy. | G85: Hier sind vor allem die Global settings spannend; Kommentar: 'Stand auf AdminOnlyAccessWithNotifyPolicy - so gelassen!' | H85: siehe Guide, Kapitel Quarantäne | I85: siehe Guide | J85: siehe Guide | K85: EOP | L85: Get-QuarantinePolicy | Format-Table Name,ESNEnabled,EndUserQuarantinePermissionsValue | M85: # Zuordnung erfolgt in den jeweiligen Policies, siehe ASI-03..06, APH-02, AMW-04, SA-01 | N85: Defender-Portal > Bedrohungsrichtlinien > Quarantaenerichtlinie (definieren); zugewiesen wird sie je Verdict in Antispam > <Richtlinie> > "Aktionen", in Antiphishing > "Aktionen" sowie in Antischadsoftware und Sichere Anlagen | O85: Portal öffnen | P85: Learn | Q85: KORREKTUR zum Kommentar im Ursprungsdokument: Eine vorgefertigte Policy namens 'AdminOnlyAccessWithNotifyPolicy' EXISTIERT NICHT. Es gibt nur AdminOnlyAccessPolicy, DefaultFullAccessPolicy und DefaultFullAccessWithNotificationPolicy (plus NotificationEnabledPolicy in Alt-Tenants). Beim Kunden prüfen, was dort tatsächlich steht.
A86: QUA-02 | B86: Quarantäne-Policies | C86: Eigene Quarantäne-Policy 'Admin-only mit Benachrichtigung' (falls gewünscht) | E86: offen | F86: Nur anlegen, wenn der Kunde das Verhalten wirklich will | G86: implizit über den Kommentar gewünscht | H86: — | I86: — | J86: — | K86: EOP | L86: Get-QuarantinePolicy | Format-Table Name,EndUserQuarantinePermissionsValue,ESNEnabled | M86: New-QuarantinePolicy -Name "AdminOnlyWithNotify" -EndUserQuarantinePermissionsValue 0 -ESNEnabled $true | N86: Defender-Portal > Bedrohungsrichtlinien > Quarantaenerichtlinie > "Benutzerdefinierte Richtlinie hinzufuegen" > "Zugriff auf Empfaengernachrichten" > "Spezifischen Zugriff festlegen (Erweitert)" > Quarantaenebenachrichtigung aktivieren | O86: Portal öffnen | P86: Learn | Q86: So erreicht man das, was der Kommentar im Ursprungsdokument gemeint hat: Nutzer werden benachrichtigt, können aber nichts freigeben. Bitmask-Werte: 0 = No access, 43 = Limited access, 39 = Full access. PermissionToViewHeader (128) und PermissionToDownload (64) sind laut MS wirkungslos.
A87: QUA-03 | B87: Quarantäne-Policies | C87: Globale Benachrichtigungsfrequenz | E87: offen | F87: 04:00:00 (alle 4 Stunden) | G87: Kommentar: 'Benachrichtigungen waren bis vor kurzem nur einmal am Tag möglich. Benachrichtigung innerhalb von 4 Stunden konfigurierbar.' | H87: 1.00:00:00 (täglich) | I87: — | J87: — | K87: EOP | L87: Get-QuarantinePolicy -QuarantinePolicyType GlobalQuarantinePolicy | Format-List EndUserSpamNotificationFrequency,EndUserSpamNotificationCustomFromAddress,OrganizationBrandingEnabled,MultiLanguageSetting | M87: Get-QuarantinePolicy -QuarantinePolicyType GlobalQuarantinePolicy | Set-QuarantinePolicy -EndUserSpamNotificationFrequency 04:00:00 | N87: Defender-Portal > Bedrohungsrichtlinien > Quarantaenerichtlinie > Zahnrad "Globale Einstellungen" > "Spambenachrichtigung fuer Endbenutzer senden alle" (4 Stunden / taeglich / woechentlich) | O87: Portal öffnen | P87: Learn | Q87: Der Kommentar von 2023 ist bestätigt und weiterhin korrekt. Gültige Werte sind ausschließlich 04:00:00, 1.00:00:00 und 7.00:00:00. Die Einstellung ist tenant-global und gilt für alle Quarantäne-Policies mit ESNEnabled $true.
A88: QUA-04 | B88: Quarantäne-Policies | C88: Corporate Branding und Absenderadresse der Quarantäne-Benachrichtigungen | E88: offen | F88: OrganizationBrandingEnabled $true, eigene Absenderadresse gesetzt | G88: Quarantäne-Notifications sind mit Corporate Branding möglich | H88: $false, Absender quarantine@messaging.microsoft.com | I88: — | J88: — | K88: EOP | L88: Get-QuarantinePolicy -QuarantinePolicyType GlobalQuarantinePolicy | Format-List OrganizationBrandingEnabled,EndUserSpamNotificationCustomFromAddress,MultiLanguageSetting,MultiLanguageCustomDisclaimer | M88: Get-QuarantinePolicy -QuarantinePolicyType GlobalQuarantinePolicy | Set-QuarantinePolicy -OrganizationBrandingEnabled $true -EndUserSpamNotificationCustomFromAddress "quarantaene@kunde.de" | N88: Defender-Portal > Bedrohungsrichtlinien > Quarantaenerichtlinie > Zahnrad "Globale Einstellungen" > Absenderadresse, Anzeigename, Betreff, Haftungsausschluss und Firmenlogo | O88: Portal öffnen | P88: Learn | Q88: Setzt voraus, dass das M365-Org-Theme vorher konfiguriert ist. Max. 3 Sprachen, Disclaimer max. 200 Zeichen je Sprache. Wirkt direkt gegen Phishing-Mails, die Quarantäne-Benachrichtigungen imitieren - eine der häufigsten Kampagnen.
A89: Advanced Delivery
A90: ADV-01 | B90: Advanced Delivery | C90: SecOps-Postfach | E90: offen | F90: Nur wenn ein dediziertes, isoliertes Security-Postfach existiert. Sonst bewusst nicht konfigurieren. | G90: SecOps Mailbox to receive unfiltered messages for investigation | H90: nicht konfiguriert | I90: — | J90: — | K90: EOP / MDO P1+ | L90: Get-SecOpsOverridePolicy | Format-List Name,SentTo Get-ExoSecOpsOverrideRule | M90: New-SecOpsOverridePolicy -Name SecOpsOverridePolicy -SentTo "secops@kunde.de" New-ExoSecOpsOverrideRule -Name SecOpsOverrideRule -Policy SecOpsOverridePolicy | N90: Defender-Portal > Bedrohungsrichtlinien > Erweiterte Zustellung (Advanced delivery) > Reiter "SecOps-Postfach" (nur echte Postfaecher, keine Verteilergruppen) | O90: Portal öffnen | P90: Learn | Q90: WARNUNG, die im Ursprungsdokument fehlt: Ein SecOps-Postfach erhält echte Malware UNGEFILTERT - auch der Malware-Filter und Malware-ZAP werden übersprungen. Es darf niemals ein produktives Benutzer- oder Shared-Postfach sein. Achtung Cmdlet-Namen: die Rule-Cmdlets tragen ein 'Exo'-Präfix, die Policy-Cmdlets nicht.
A91: ADV-02 | B91: Advanced Delivery | C91: Phishing-Simulation (Drittanbieter) korrekt eingebunden | E91: offen | F91: Über Advanced Delivery, niemals über Transportregel oder IP-Allow-Liste. Simulations-URLs über TABL mit ListSubType AdvancedDelivery. | G91: Gehört zu MDO-E5! Empfehlung: ab und zu mal machen | H91: nicht konfiguriert | I91: — | J91: — | K91: EOP / MDO P1 und P2 — KEINE E5-Anforderung | L91: Get-PhishSimOverridePolicy | Format-List Name,Enabled Get-ExoPhishSimOverrideRule | M91: New-PhishSimOverridePolicy -Name PhishSimOverridePolicy New-ExoPhishSimOverrideRule -Name PhishSim -Policy PhishSimOverridePolicy -Domains "simulation.anbieter.de" -SenderIpRanges "203.0.113.0/24" | N91: Defender-Portal > Bedrohungsrichtlinien > Erweiterte Zustellung > Reiter "Phishingsimulation" (Domaene + Sende-IP; IPv6 nur per PowerShell) | O91: Portal öffnen | P91: Learn | Q91: KORREKTUR zum Ursprungsdokument: Advanced Delivery gilt laut MS ausdrücklich für 'Plan 1 and Plan 2' - es ist KEIN E5-Feature. Verwechslung mit 'Attack Simulation Training' (Microsofts eigenes Simulationsprodukt), das tatsächlich MDO P2/E5 erfordert. MS warnt ausdrücklich davor, stattdessen Absender-IPs freizugeben: das 'bypasses spam filtering for any internet sender who impersonates the domain'.
A92: ADV-03 | B92: Advanced Delivery | C92: Keine Transportregeln mit SCL -1 / Filter-Bypass im Bestand | E92: offen | F92: Keine Regel, die pauschal die Filterung überspringt. Ausnahmen dokumentiert und befristet. | G92: — | H92: — | I92: — | J92: — | K92: EOP | L92: Get-TransportRule | Where-Object { $_.SetSCL -eq '-1' -or $_.SetHeaderName -like '*BypassFocusedInbox*' } | Format-Table Name,State,Priority,SetSCL | M92: Disable-TransportRule -Identity "<Regelname>" | N92: Exchange Admin Center > Nachrichtenfluss > Regeln: jede Regel auf "Spamfilterung umgehen" (SCL -1) pruefen. Solche Bypaesse gehoeren in die Erweiterte Zustellung oder die TABL | O92: Portal öffnen | P92: Learn | Q92: Neuer Prüfpunkt. Solche Regeln sind der häufigste Grund, warum ein technisch sauber gehärteter Tenant trotzdem Phishing durchlässt. Besonders kritisch: Regeln, die nur auf die Absenderdomäne prüfen - MS wörtlich, das 'significantly increases the likelihood that attackers can spoof the sending domain'.
A93: E-Mail-Authentifizierung
A94: AUTH-01 | B94: E-Mail-Authentifizierung | C94: SPF-Record je akzeptierter Domäne | E94: offen | F94: v=spf1 [ip4:<eigene Ausgangs-IPs>] include:spf.protection.outlook.com -all | G94: SPF ist ein (Admin-Center) | H94: — | I94: — | J94: — | K94: EOP | L94: Get-AcceptedDomain | Select-Object DomainName,DomainType,Default Resolve-DnsName -Name kunde.de -Type TXT | Where-Object { $_.Strings -match '^v=spf1' } | M94: # kein Cmdlet — Änderung beim DNS-Hoster | N94: Oeffentliches DNS beim Domain-Hoster: TXT auf <domaene> mit v=spf1 include:spf.protection.outlook.com -all, je akzeptierter Domaene genau einer | O94: — | P94: Learn | Q94: Microsoft wörtlich: 'There are no admin portals or PowerShell cmdlets in Microsoft 365 for you to manage SPF records.' Hybrid-Falle: die öffentliche Ausgangs-IP des On-Prem-Servers muss mit in den Record, sonst brechen alle direkt zugestellten Mails. 10-DNS-Lookup-Limit beachten (include, a, mx, exists, redirect zählen; ip4/ip6/all nicht). spf.protection.outlook.com darf NIEMALS geflattet werden.
A95: AUTH-02 | B95: E-Mail-Authentifizierung | C95: SPF-Qualifier -all statt ~all | E95: offen | F95: -all | G95: — | H95: — | I95: — | J95: — | K95: EOP | L95: Resolve-DnsName -Name kunde.de -Type TXT | Where-Object { $_.Strings -match '^v=spf1' } | M95: # kein Cmdlet | N95: Oeffentliches DNS: TXT auf <domaene>, Endqualifier -all statt ~all | O95: — | P95: Learn | Q95: Microsoft empfiehlt für M365-Domänen -all. Vorher zwingend prüfen, ob alle legitimen Versandquellen (Drucker, ERP, CRM, Newsletter-Dienst, Fax-Gateway, Monitoring) im Record stehen - sonst brechen genau diese.
A96: AUTH-03 | B96: E-Mail-Authentifizierung | C96: Ungenutzte und geparkte Domänen abgesichert | E96: offen | F96: SPF: v=spf1 -all / DMARC: v=DMARC1; p=reject; | G96: — | H96: — | I96: — | J96: — | K96: EOP | L96: Get-AcceptedDomain | Where-Object { $_.DomainType -eq 'Authoritative' } | Select-Object DomainName | M96: # kein Cmdlet | N96: Oeffentliches DNS: fuer geparkte Domaenen TXT v=spf1 -all auf <domaene> plus TXT v=DMARC1; p=reject; auf _dmarc.<domaene>. Gilt auch fuer die onmicrosoft.com-Domaene | O96: — | P96: Learn | Q96: Häufig übersehen. Alte Marken-, Tippfehler- und Vorgängerdomänen sind bevorzugte Absender für Spoofing gegen den eigenen Kunden. Betrifft auch die *.onmicrosoft.com-Domäne, sofern sie nicht für Mail genutzt wird.
A97: AUTH-04 | B97: E-Mail-Authentifizierung | C97: DKIM für alle versendenden Custom-Domänen aktiv | E97: offen | F97: Enabled $true, Status 'Valid' für jede versendende Domäne | G97: DKIM ein (Authentication Settings) | H97: nur *.onmicrosoft.com wird automatisch signiert | I97: — | J97: — | K97: EOP | L97: Get-DkimSigningConfig | Format-Table Domain,Enabled,Status,Selector1CNAME,Selector2CNAME,KeyCreationTime | M97: New-DkimSigningConfig -DomainName kunde.de -Enabled $false -KeySize 2048 # CNAMEs im DNS publizieren, dann: Set-DkimSigningConfig -Identity kunde.de -Enabled $true | N97: Defender-Portal > Bedrohungsrichtlinien > E-Mail-Authentifizierungseinstellungen > DKIM > Domaene waehlen, Umschalter aktivieren. Vorher die beiden CNAMEs selector1/2._domainkey.<domaene> ins oeffentliche DNS | O97: Portal öffnen | P97: Learn | Q97: Ohne Custom-Domain-DKIM signiert EXO mit der onmicrosoft.com-Domäne. Das ist NICHT DMARC-aligned - DMARC hängt dann allein an SPF, und SPF bricht bei jeder Weiterleitung und jeder Mailingliste. Custom-DKIM ist damit faktische Voraussetzung für belastbares p=reject. CNAME-Werte niemals selbst konstruieren, immer aus Selector1CNAME/Selector2CNAME auslesen.
A98: AUTH-05 | B98: E-Mail-Authentifizierung | C98: DKIM-Schlüssellänge 2048 Bit | E98: offen | F98: 2048 (beide Selektoren) | G98: — | H98: 1024 | I98: — | J98: — | K98: EOP | L98: Get-DkimSigningConfig -Identity kunde.de | Format-List Selector1KeySize,Selector2KeySize,RotateOnDate,SelectorBeforeRotateOnDate,SelectorAfterRotateOnDate | M98: Rotate-DkimSigningConfig -Identity kunde.de -KeySize 2048 # ca. 96 Stunden warten, dann ein zweites Mal rotieren | N98: Die Bitlaenge steuert nur PowerShell: Rotate-DkimSigningConfig -KeySize 2048. Im Portal rotiert man ueber E-Mail-Authentifizierungseinstellungen > DKIM > Domaenenzeile ANKLICKEN > Flyout > "DKIM-Schluessel rotieren" | O98: Portal öffnen | P98: Learn | Q98: Eigene Härtungsempfehlung, KEIN MS-Zitat: Microsoft dokumentiert 1024 als Default und unterstützt 2048, spricht aber keine ausdrückliche Empfehlung aus. Fallstrick: Set-DkimSigningConfig hat KEINEN -KeySize-Parameter. Und: eine Rotation hebt nur den gerade inaktiven Selektor an - für beide sind ZWEI Rotationen nötig.
A99: AUTH-06 | B99: E-Mail-Authentifizierung | C99: DMARC-Record je versendender Domäne | E99: offen | F99: Zielzustand p=reject. Einführung gestuft: p=none -> p=quarantine -> p=reject. | G99: DMARC: optional (separat, DNS) | H99: — | I99: — | J99: — | K99: EOP | L99: Resolve-DnsName -Name _dmarc.kunde.de -Type TXT | M99: # kein Cmdlet | N99: Oeffentliches DNS: TXT auf _dmarc.<domaene> mit v=DMARC1; p=...; rua=mailto:... Fuer die onmicrosoft.com-Domaene ueber Microsoft 365 Admin Center > Einstellungen > Domaenen | O99: Portal öffnen | P99: Learn | Q99: ABWEICHUNG mit klarer Empfehlung: 'DMARC optional' aus 2023 ist 2026 nicht mehr haltbar. Zwei Gründe: (1) HonorDmarcPolicy setzt fremde DMARC-Policies durch - wer selbst keine hat, wird nicht geschützt. (2) Microsoft verlangt seit Mai 2025 SPF+DKIM+DMARC von Absendern mit mehr als 5.000 Nachrichten/Tag an outlook.com/hotmail.com - sonst Reject mit 550 5.7.515.
A100: AUTH-07 | B100: E-Mail-Authentifizierung | C100: DMARC-Reporting (rua) auf ein dediziertes Postfach | E100: offen | F100: rua= auf Sammelpostfach oder Analysedienst; bei externer Domäne Autorisierungs-Record prüfen | G100: — | H100: — | I100: — | J100: — | K100: EOP | L100: Resolve-DnsName -Name _dmarc.kunde.de -Type TXT | M100: # kein Cmdlet | N100: Oeffentliches DNS: rua=mailto: im TXT auf _dmarc.<domaene>, Ziel ein dediziertes Shared Mailbox, kein Benutzerpostfach | O100: — | P100: Learn | Q100: Fallstrick, der praktisch jeden Kunden mit DMARC-Dienstleister betrifft: liegt die rua-Adresse in einer FREMDEN Domäne, muss die Zieldomäne 'kunde.de._report._dmarc TXT v=DMARC1;' publizieren - sonst verwerfen konforme Reporter die Reports. Weiter: Microsoft sendet grundsätzlich KEINE Forensic-/Failure-Reports (ruf), und Aggregate-Reports nur, wenn der MX der Empfängerdomäne direkt auf M365 zeigt.
...

Sheet Auswertung
B2: Auswertung
B3: Die Werte aktualisieren sich automatisch aus dem Blatt „Checkliste“.
B5: Gesamtübersicht
B6: Bewertung | C6: Anzahl | D6: Anteil
B7: offen | C7: =COUNTIFS(Checkliste!$A$3:$A$148,"<>",Checkliste!$E$3:$E$148,B7) -> 120 | D7: =IFERROR(C7/$C$13,0) -> 1
B8: OK | C8: =COUNTIFS(Checkliste!$A$3:$A$148,"<>",Checkliste!$E$3:$E$148,B8) -> 0 | D8: =IFERROR(C8/$C$13,0) -> 0
B9: Verbesserung empfohlen | C9: =COUNTIFS(Checkliste!$A$3:$A$148,"<>",Checkliste!$E$3:$E$148,B9) -> 0 | D9: =IFERROR(C9/$C$13,0) -> 0
B10: Kritisch | C10: =COUNTIFS(Checkliste!$A$3:$A$148,"<>",Checkliste!$E$3:$E$148,B10) -> 0 | D10: =IFERROR(C10/$C$13,0) -> 0
B11: n.a. (nicht lizenziert) | C11: =COUNTIFS(Checkliste!$A$3:$A$148,"<>",Checkliste!$E$3:$E$148,B11) -> 0 | D11: =IFERROR(C11/$C$13,0) -> 0
B12: bewusst abgewichen | C12: =COUNTIFS(Checkliste!$A$3:$A$148,"<>",Checkliste!$E$3:$E$148,B12) -> 0 | D12: =IFERROR(C12/$C$13,0) -> 0
B13: Prüfpunkte gesamt | C13: =COUNTA(Checkliste!$A$3:$A$148)-COUNTBLANK(Checkliste!$E$3:$E$148) -> 120
B15: Nach Kategorie
B16: Kategorie | C16: Prüfpunkte | D16: OK | E16: Verbesserung | F16: Kritisch | G16: bewusst abgew. | H16: n.a. | I16: offen
B17: Preset Security Policies | C17: =COUNTIFS(Checkliste!$B$3:$B$148,$B17,Checkliste!$A$3:$A$148,"<>") -> 5 | D17: =COUNTIFS(Checkliste!$B$3:$B$148,$B17,Checkliste!$E$3:$E$148,"OK") -> 0 | E17: =COUNTIFS(Checkliste!$B$3:$B$148,$B17,Checkliste!$E$3:$E$148,"Verbesserung empfohlen") -> 0 | F17: =COUNTIFS(Checkliste!$B$3:$B$148,$B17,Checkliste!$E$3:$E$148,"Kritisch") -> 0 | G17: =COUNTIFS(Checkliste!$B$3:$B$148,$B17,Checkliste!$E$3:$E$148,"bewusst abgewichen") -> 0 | H17: =COUNTIFS(Checkliste!$B$3:$B$148,$B17,Checkliste!$E$3:$E$148,"n.a. (nicht lizenziert)") -> 0 | I17: =COUNTIFS(Checkliste!$B$3:$B$148,$B17,Checkliste!$E$3:$E$148,"offen") -> 5
B18: Anti-Spam inbound | C18: =COUNTIFS(Checkliste!$B$3:$B$148,$B18,Checkliste!$A$3:$A$148,"<>") -> 12 | D18: =COUNTIFS(Checkliste!$B$3:$B$148,$B18,Checkliste!$E$3:$E$148,"OK") -> 0 | E18: =COUNTIFS(Checkliste!$B$3:$B$148,$B18,Checkliste!$E$3:$E$148,"Verbesserung empfohlen") -> 0 | F18: =COUNTIFS(Checkliste!$B$3:$B$148,$B18,Checkliste!$E$3:$E$148,"Kritisch") -> 0 | G18: =COUNTIFS(Checkliste!$B$3:$B$148,$B18,Checkliste!$E$3:$E$148,"bewusst abgewichen") -> 0 | H18: =COUNTIFS(Checkliste!$B$3:$B$148,$B18,Checkliste!$E$3:$E$148,"n.a. (nicht lizenziert)") -> 0 | I18: =COUNTIFS(Checkliste!$B$3:$B$148,$B18,Checkliste!$E$3:$E$148,"offen") -> 12
B19: Advanced Spam Filter (ASF) | C19: =COUNTIFS(Checkliste!$B$3:$B$148,$B19,Checkliste!$A$3:$A$148,"<>") -> 5 | D19: =COUNTIFS(Checkliste!$B$3:$B$148,$B19,Checkliste!$E$3:$E$148,"OK") -> 0 | E19: =COUNTIFS(Checkliste!$B$3:$B$148,$B19,Checkliste!$E$3:$E$148,"Verbesserung empfohlen") -> 0 | F19: =COUNTIFS(Checkliste!$B$3:$B$148,$B19,Checkliste!$E$3:$E$148,"Kritisch") -> 0 | G19: =COUNTIFS(Checkliste!$B$3:$B$148,$B19,Checkliste!$E$3:$E$148,"bewusst abgewichen") -> 0 | H19: =COUNTIFS(Checkliste!$B$3:$B$148,$B19,Checkliste!$E$3:$E$148,"n.a. (nicht lizenziert)") -> 0 | I19: =COUNTIFS(Checkliste!$B$3:$B$148,$B19,Checkliste!$E$3:$E$148,"offen") -> 5
B20: Connection Filter | C20: =COUNTIFS(Checkliste!$B$3:$B$148,$B20,Checkliste!$A$3:$A$148,"<>") -> 3 | D20: =COUNTIFS(Checkliste!$B$3:$B$148,$B20,Checkliste!$E$3:$E$148,"OK") -> 0 | E20: =COUNTIFS(Checkliste!$B$3:$B$148,$B20,Checkliste!$E$3:$E$148,"Verbesserung empfohlen") -> 0 | F20: =COUNTIFS(Checkliste!$B$3:$B$148,$B20,Checkliste!$E$3:$E$148,"Kritisch") -> 0 | G20: =COUNTIFS(Checkliste!$B$3:$B$148,$B20,Checkliste!$E$3:$E$148,"bewusst abgewichen") -> 0 | H20: =COUNTIFS(Checkliste!$B$3:$B$148,$B20,Checkliste!$E$3:$E$148,"n.a. (nicht lizenziert)") -> 0 | I20: =COUNTIFS(Checkliste!$B$3:$B$148,$B20,Checkliste!$E$3:$E$148,"offen") -> 3
B21: Anti-Spam outbound | C21: =COUNTIFS(Checkliste!$B$3:$B$148,$B21,Checkliste!$A$3:$A$148,"<>") -> 8 | D21: =COUNTIFS(Checkliste!$B$3:$B$148,$B21,Checkliste!$E$3:$E$148,"OK") -> 0 | E21: =COUNTIFS(Checkliste!$B$3:$B$148,$B21,Checkliste!$E$3:$E$148,"Verbesserung empfohlen") -> 0 | F21: =COUNTIFS(Checkliste!$B$3:$B$148,$B21,Checkliste!$E$3:$E$148,"Kritisch") -> 0 | G21: =COUNTIFS(Checkliste!$B$3:$B$148,$B21,Checkliste!$E$3:$E$148,"bewusst abgewichen") -> 0 | H21: =COUNTIFS(Checkliste!$B$3:$B$148,$B21,Checkliste!$E$3:$E$148,"n.a. (nicht lizenziert)") -> 0 | I21: =COUNTIFS(Checkliste!$B$3:$B$148,$B21,Checkliste!$E$3:$E$148,"offen") -> 8
B22: Anti-Phishing / Spoof | C22: =COUNTIFS(Checkliste!$B$3:$B$148,$B22,Checkliste!$A$3:$A$148,"<>") -> 8 | D22: =COUNTIFS(Checkliste!$B$3:$B$148,$B22,Checkliste!$E$3:$E$148,"OK") -> 0 | E22: =COUNTIFS(Checkliste!$B$3:$B$148,$B22,Checkliste!$E$3:$E$148,"Verbesserung empfohlen") -> 0 | F22: =COUNTIFS(Checkliste!$B$3:$B$148,$B22,Checkliste!$E$3:$E$148,"Kritisch") -> 0 | G22: =COUNTIFS(Checkliste!$B$3:$B$148,$B22,Checkliste!$E$3:$E$148,"bewusst abgewichen") -> 0 | H22: =COUNTIFS(Checkliste!$B$3:$B$148,$B22,Checkliste!$E$3:$E$148,"n.a. (nicht lizenziert)") -> 0 | I22: =COUNTIFS(Checkliste!$B$3:$B$148,$B22,Checkliste!$E$3:$E$148,"offen") -> 8
B23: Impersonation (MDO) | C23: =COUNTIFS(Checkliste!$B$3:$B$148,$B23,Checkliste!$A$3:$A$148,"<>") -> 8 | D23: =COUNTIFS(Checkliste!$B$3:$B$148,$B23,Checkliste!$E$3:$E$148,"OK") -> 0 | E23: =COUNTIFS(Checkliste!$B$3:$B$148,$B23,Checkliste!$E$3:$E$148,"Verbesserung empfohlen") -> 0 | F23: =COUNTIFS(Checkliste!$B$3:$B$148,$B23,Checkliste!$E$3:$E$148,"Kritisch") -> 0 | G23: =COUNTIFS(Checkliste!$B$3:$B$148,$B23,Checkliste!$E$3:$E$148,"bewusst abgewichen") -> 0 | H23: =COUNTIFS(Checkliste!$B$3:$B$148,$B23,Checkliste!$E$3:$E$148,"n.a. (nicht lizenziert)") -> 0 | I23: =COUNTIFS(Checkliste!$B$3:$B$148,$B23,Checkliste!$E$3:$E$148,"offen") -> 8
B24: Tenant Allow/Block List | C24: =COUNTIFS(Checkliste!$B$3:$B$148,$B24,Checkliste!$A$3:$A$148,"<>") -> 6 | D24: =COUNTIFS(Checkliste!$B$3:$B$148,$B24,Checkliste!$E$3:$E$148,"OK") -> 0 | E24: =COUNTIFS(Checkliste!$B$3:$B$148,$B24,Checkliste!$E$3:$E$148,"Verbesserung empfohlen") -> 0 | F24: =COUNTIFS(Checkliste!$B$3:$B$148,$B24,Checkliste!$E$3:$E$148,"Kritisch") -> 0 | G24: =COUNTIFS(Checkliste!$B$3:$B$148,$B24,Checkliste!$E$3:$E$148,"bewusst abgewichen") -> 0 | H24: =COUNTIFS(Checkliste!$B$3:$B$148,$B24,Checkliste!$E$3:$E$148,"n.a. (nicht lizenziert)") -> 0 | I24: =COUNTIFS(Checkliste!$B$3:$B$148,$B24,Checkliste!$E$3:$E$148,"offen") -> 6
B25: Anti-Malware | C25: =COUNTIFS(Checkliste!$B$3:$B$148,$B25,Checkliste!$A$3:$A$148,"<>") -> 5 | D25: =COUNTIFS(Checkliste!$B$3:$B$148,$B25,Checkliste!$E$3:$E$148,"OK") -> 0 | E25: =COUNTIFS(Checkliste!$B$3:$B$148,$B25,Checkliste!$E$3:$E$148,"Verbesserung empfohlen") -> 0 | F25: =COUNTIFS(Checkliste!$B$3:$B$148,$B25,Checkliste!$E$3:$E$148,"Kritisch") -> 0 | G25: =COUNTIFS(Checkliste!$B$3:$B$148,$B25,Checkliste!$E$3:$E$148,"bewusst abgewichen") -> 0 | H25: =COUNTIFS(Checkliste!$B$3:$B$148,$B25,Checkliste!$E$3:$E$148,"n.a. (nicht lizenziert)") -> 0 | I25: =COUNTIFS(Checkliste!$B$3:$B$148,$B25,Checkliste!$E$3:$E$148,"offen") -> 5
B26: Safe Attachments (MDO) | C26: =COUNTIFS(Checkliste!$B$3:$B$148,$B26,Checkliste!$A$3:$A$148,"<>") -> 5 | D26: =COUNTIFS(Checkliste!$B$3:$B$148,$B26,Checkliste!$E$3:$E$148,"OK") -> 0 | E26: =COUNTIFS(Checkliste!$B$3:$B$148,$B26,Checkliste!$E$3:$E$148,"Verbesserung empfohlen") -> 0 | F26: =COUNTIFS(Checkliste!$B$3:$B$148,$B26,Checkliste!$E$3:$E$148,"Kritisch") -> 0 | G26: =COUNTIFS(Checkliste!$B$3:$B$148,$B26,Checkliste!$E$3:$E$148,"bewusst abgewichen") -> 0 | H26: =COUNTIFS(Checkliste!$B$3:$B$148,$B26,Checkliste!$E$3:$E$148,"n.a. (nicht lizenziert)") -> 0 | I26: =COUNTIFS(Checkliste!$B$3:$B$148,$B26,Checkliste!$E$3:$E$148,"offen") -> 5
B27: Safe Links (MDO) | C27: =COUNTIFS(Checkliste!$B$3:$B$148,$B27,Checkliste!$A$3:$A$148,"<>") -> 7 | D27: =COUNTIFS(Checkliste!$B$3:$B$148,$B27,Checkliste!$E$3:$E$148,"OK") -> 0 | E27: =COUNTIFS(Checkliste!$B$3:$B$148,$B27,Checkliste!$E$3:$E$148,"Verbesserung empfohlen") -> 0 | F27: =COUNTIFS(Checkliste!$B$3:$B$148,$B27,Checkliste!$E$3:$E$148,"Kritisch") -> 0 | G27: =COUNTIFS(Checkliste!$B$3:$B$148,$B27,Checkliste!$E$3:$E$148,"bewusst abgewichen") -> 0 | H27: =COUNTIFS(Checkliste!$B$3:$B$148,$B27,Checkliste!$E$3:$E$148,"n.a. (nicht lizenziert)") -> 0 | I27: =COUNTIFS(Checkliste!$B$3:$B$148,$B27,Checkliste!$E$3:$E$148,"offen") -> 7
B28: Quarantäne-Policies | C28: =COUNTIFS(Checkliste!$B$3:$B$148,$B28,Checkliste!$A$3:$A$148,"<>") -> 4 | D28: =COUNTIFS(Checkliste!$B$3:$B$148,$B28,Checkliste!$E$3:$E$148,"OK") -> 0 | E28: =COUNTIFS(Checkliste!$B$3:$B$148,$B28,Checkliste!$E$3:$E$148,"Verbesserung empfohlen") -> 0 | F28: =COUNTIFS(Checkliste!$B$3:$B$148,$B28,Checkliste!$E$3:$E$148,"Kritisch") -> 0 | G28: =COUNTIFS(Checkliste!$B$3:$B$148,$B28,Checkliste!$E$3:$E$148,"bewusst abgewichen") -> 0 | H28: =COUNTIFS(Checkliste!$B$3:$B$148,$B28,Checkliste!$E$3:$E$148,"n.a. (nicht lizenziert)") -> 0 | I28: =COUNTIFS(Checkliste!$B$3:$B$148,$B28,Checkliste!$E$3:$E$148,"offen") -> 4
... B39: Defender P2 (falls lizenziert) | C39: =COUNTIFS(Checkliste!$B$3:$B$148,$B39,Checkliste!$A$3:$A$148,"<>") -> 1 | D39: =COUNTIFS(Checkliste!$B$3:$B$148,$B39,Checkliste!$E$3:$E$148,"OK") -> 0 | E39: =COUNTIFS(Checkliste!$B$3:$B$148,$B39,Checkliste!$E$3:$E$148,"Verbesserung empfohlen") -> 0 | F39: =COUNTIFS(Checkliste!$B$3:$B$148,$B39,Checkliste!$E$3:$E$148,"Kritisch") -> 0 | G39: =COUNTIFS(Checkliste!$B$3:$B$148,$B39,Checkliste!$E$3:$E$148,"bewusst abgewichen") -> 0 | H39: =COUNTIFS(Checkliste!$B$3:$B$148,$B39,Checkliste!$E$3:$E$148,"n.a. (nicht lizenziert)") -> 0 | I39: =COUNTIFS(Checkliste!$B$3:$B$148,$B39,Checkliste!$E$3:$E$148,"offen") -> 1
B41: Kritische Punkte zuerst angehen
B42: Filtern Sie auf dem Blatt „Checkliste“ die Spalte „Bewertung“ nach „Kritisch“ — diese Punkte gehören in die Sofortmaßnahmen. Alles mit „Verbesserung empfohlen“ geht in die Folgeplanung.

Sheet Baseline (Skript)
A1: ID | B1: Kategorie | C1: Prüfpunkt | D1: Soll 2026 (Baseline)
A2: PRE-01 | B2: Preset Security Policies | C2: Grundsatzentscheidung: Preset (Standard/Strict) vs. Custom-Policies | D2: Bewusste, dokumentierte Entscheidung. Empfehlung 2026: Custom-Policies auf Standard-Preset-Niveau, wo Kontrolle nötig ist (ASF, Quarantäne-Policies, Länderfilter) — sonst Standard-Preset.
A3: PRE-02 | B3: Preset Security Policies | C3: Built-in protection Preset (Safe Links / Safe Attachments) aktiv, keine pauschalen Ausnahmen | D3: Aktiv, keine Ausnahmen für ganze Domänen
A4: PRE-03 | B4: Preset Security Policies | C4: Policy-Präzedenz dokumentiert und geprüft (welche Policy greift je Empfänger?) | D4: Kette dokumentiert: Strict > Standard > MDO-Evaluation > Custom (nach Priority) > Built-in + Default (gleichrangig)
A5: PRE-04 | B5: Preset Security Policies | C5: Configuration Analyzer ausgewertet (Standard- und Strict-Empfehlungen) | D5: Vor und nach dem Hardening ausgeführt, Abweichungen dokumentiert
A6: PRE-05 | B6: Preset Security Policies | C6: Policy-Inventar: verwaiste und deaktivierte Policies | D6: Jede Policy hat eine aktive Regel oder ist bewusst stillgelegt und dokumentiert
A7: ASI-01 | B7: Anti-Spam inbound | C7: Bulk-Schwellwert (BCL) | D7: 6
A8: ASI-02 | B8: Anti-Spam inbound | C8: Aktion bei Spam (SCL 5/6) | D8: MoveToJmf (Junk)
A9: ASI-03 | B9: Anti-Spam inbound | C9: Aktion bei High Confidence Spam (SCL 7/8/9) | D9: Quarantine + DefaultFullAccessWithNotificationPolicy (MS-konform) ODER AdminOnlyAccessPolicy (strengere Variante, bewusste Abweichung)
A10: ASI-04 | B10: Anti-Spam inbound | C10: Aktion bei Phishing | D10: Quarantine + DefaultFullAccessWithNotificationPolicy
A11: ASI-05 | B11: Anti-Spam inbound | C11: Aktion bei High Confidence Phishing | D11: Quarantine + AdminOnlyAccessPolicy
A12: ASI-06 | B12: Anti-Spam inbound | C12: Aktion bei Bulk (BCL-Schwelle erreicht) | D12: MoveToJmf
... A121: P2-01 | B121: Defender P2 (falls lizenziert) | C121: Automated Investigation and Response, Threat Explorer, Attack Simulation | D121: Ausstehende AIR-Aktionen regelmäßig freigeben; Threat Explorer und Campaign Views im Betrieb nutzen

Sheet Kürzel
B2: Was die Kürzel bedeuten
B4: Die ID ist über Checkliste, Guide, Audit-Skript und Hardening-Skript identisch. Das Präfix sagt, in welchem Bereich der Prüfpunkt sitzt — nicht zwingend, in welcher Portal-Richtlinie: APH und IMP stehen zum Beispiel beide in der Anti-Phishing-Richtlinie, sind aber lizenzrechtlich getrennt.
B7: Kürzel | C7: Bereich | D7: Was dahintersteckt
B8: PRE | C8: Preset Security Policies und Governance (5) | D8: Voreingestellte Sicherheitsrichtlinien, Praezedenz, Configuration Analyzer
B9: ASI | C9: Anti-Spam inbound (12) | D9: Anti-Spam-Richtlinie, eingehend
B10: ASF | C10: Advanced Spam Filter (5) | D10: Die ASF-Schalter innerhalb der Anti-Spam-Richtlinie
B11: CF | C11: Connection Filter (3) | D11: Verbindungsfilterrichtlinie - liegt als eigene Zeile in der Liste der Anti-Spam-Richtlinien
B12: ASO | C12: Anti-Spam outbound (8) | D12: Ausgehende Anti-Spam-Richtlinie plus Weiterleitungswege
B13: APH | C13: Anti-Phishing (EOP-Teil) (8) | D13: Spoof-Intelligence, DMARC-Behandlung, Sicherheitstipps - ohne Defender-Lizenz verfuegbar
B14: IMP | C14: Impersonation (Defender-Teil) (8) | D14: Identitaetswechselschutz - sitzt in derselben Anti-Phishing-Richtlinie, ist aber lizenzpflichtig
B15: TABL | C15: Tenant Allow/Block List (6) | D15: Mandanten-Zulassungs-/Sperrliste
B16: AMW | C16: Anti-Malware (5) | D16: Anti-Malware-Richtlinie und Anlagenfilter
B17: SA | C17: Safe Attachments (5) | D17: Sichere Anlagen (Defender)
B18: SL | C18: Safe Links (7) | D18: Sichere Links (Defender)
... B30: P2 | C30: Defender Plan 2 (1) | D30: Nur mit MDO P2: automatisierte Untersuchung (AIR)
B33: Zu den Links in der Checkliste
B34: Spalte „Fundort" beschreibt den Klickpfad, „Portal öffnen" springt direkt auf die Seite, „Microsoft Learn" auf den Abschnitt, der die Einstellung beschreibt. Der Pfad „Bedrohungsrichtlinien" liegt im Defender-Portal unter E-Mail & Zusammenarbeit > Richtlinien & Regeln. Sämtliche Defender-Deep-Links stammen aus der Microsoft-Dokumentation. Nicht von Microsoft dokumentiert und aus der Praxis übernommen sind die Exchange-Admin-Center-Links von ASO-07, ASO-08, HYB-06, HYB-07, HYB-10 — falls einer davon ins Leere führt, hilft der Klickpfad daneben.
